Sequence,Class
CUUUGAGCCUAAUCCUGAGGCAUCUCCUGAACCAGAGGAAU,pos
GAUGCCAUAGGAUAUUUUCUCUGUGUGUCUUCAGCUAUUUC,pos
CAUAUUUUUUACAAAGAAGGCCAAGACCUAAGUUUCACAAG,pos
UAACUCGAUCAACCCAAGCUCGACGCGCAGCUACCACGCAC,pos
ACAUCGUGCCAGCAGAAUCACCAACUGUUUAAGUGUCCUCA,pos
UCAUUCAUGGAGAUGGACAGCAUUCAGCCUAACCAGGCUCU,pos
CAAUGGAACCCUGGGAAGGACGUCCUGUAUCUCAACCUAAA,pos
ACGUUUGGAGCUAAACGCUGCGUUACUUCUAUCUCGAUUGC,pos
AAGAGUUGCUGGACGCACAGCGCCGACUUAUUCGACAUGUG,pos
UGGGAGAAUCGAGCAAUCUACACUCAACUAUAACGCCAAGC,pos
AUUCUGGGAGCCCGCAAUCUCGUCAGAAAGGCAGUCUUCCA,pos
AAUGCAAAUCCUGUUUUCUUCAACGAAAGGGCACAAGCAAC,pos
CCAGAUCAUGGGAGAGCUACCAAUUCCUCGAGUUCAAGCUA,pos
AGGCUUUCAUCGCAGCCUUUCAACGAUUCAUUGCCCGCCGA,pos
CUUUGCCAAUGAAGGGAUUUCUUGGCACUUUAUACCCCCGU,pos
GGGAUAAUUCUUUGGAUCCACUGACGCCUGCUCAUUUUUUG,pos
AUUUUCAAGCAGCGGUUUCCCGCCUCGGCUUGGGUUUAUUU,pos
AAAAUUCAAGUUCCUAUGUACCCAAUCGACCAAUAAAACGA,pos
AGUAAUUCACCUUACAAUAGCCCCAUCUGGGUGGUUCCAAA,pos
UUUCGAAAAAUUAGCAAAAGCCAACCUUAAAUUACAGCUUG,pos
AAAUAUCCAGUGACCAUCAACCAUUGAGCUGGUUGUACCGU,pos
CACAUCACCCAAAUAUUUUACGACAUUAUGACCAGGGAAAA,pos
GAAAAACUUCUACACCCAGGCAUACAGAAAACUACUAAACU,pos
CUAGCUCGAGAAGGUCAUCGCUUGGGAAGCGAGACUCCCGC,pos
AGACCCAACGUUCUGCACACCUGGAGCAAUCGAUGUCAUUG,pos
AGACUGAGAAUGAACCUCUGCUUCAUUUUCGCCUGCUGACG,pos
CGAGUUCUAAAGCAACUUGCCGACGAUCAUGGCCAUGAAUA,pos
AACAAUUCCUCUUUUCAGCACGAGCUGCUGGACAGAUUCAG,pos
CGGACAACGGAACUACAUUUCAUGGAGGCAAGCAAACUUUC,pos
UGUAUUUGGUUGGAUUCUUGCAGGCUCUUACUCUGCAUUCG,pos
AUGCUUUUCAACCAAAUCAACGUACAAACUUUACAUCUCGA,pos
ACUCUAAAUACAGUUACCCACAGGCUUAUGAACAGGAGGUC,pos
CGACUUUACAAAGAAAUUCACUUUAACCACAGACGCAAGUG,pos
CCACGGAUAUCUCCUUUUUUCUGAUAAACCAGUCCAGAUAC,pos
ACGUACCGACUACCAUGCACCCCAGGUCAAAUUUUUAUACA,pos
AAGAGGACGCUUUUUAUCAGCAGUGUGUUCCAUAUGACUAU,pos
GAAAAUCAAUAUCAAAUUGACGAAAACAACCAAAAUUUACA,pos
CUUCACAACUAUAGACUUGGCAAAGGGUUUCCACCAGAUCG,pos
AAACAAUUAAUGAAAAGAUUCGCAUAAUCAAAACAUCCGAU,pos
GGAAAUGGGAAUGCAGCUUUCCAGACUCGGUCUAUUUAAUC,pos
ACCCAGACUCGAACGGCUAUCAGCUAGAAUACACAGACACA,pos
AAAAAUGGCUCAAGAACCAGCAAUUGUGCCACCACUAUCAG,pos
CUGUUGUCGCAAGAGAAGUACAUAGAAUCCUUAUUAGCCAC,pos
AGGUAACAAAAUAUCAAUCGCUAAAAGGAUAACUUAUGAAG,pos
UUACAAAAGGCUUAGGAAAGCAAAAGGAUUAUGAAUUAAUA,pos
GUCGUUUAUUUUCGCAAAUACAGAAAAUAAAAAAGAUUAUU,pos
GGAUGGAGAAGACAAAAAAUCAAAAAACACAUGUGCCUAAA,pos
UACCUCACCUCCAGAAUCUUCACAGUUCCCCAUAUAUUGAA,pos
AGGAGUCCUUUGUGACCCCUCUUCAUAAAACAAAUUAUGUU,pos
UACUAUUGUUUUUUGGUCAUCAGUCCCAGUACCCUGAAAAU,pos
GUUUAAAAGUGUGGGAUUGACUGUUUUGGGAGUUUUGUAGG,pos
UUAAAAGUGAUUUUUUAUCUCGUGGGUAAUGACAACUGCAC,pos
GAUCAGUUCGUCUGACGAUACCAAGAGUGAGGGAAGAAAAA,pos
UUACAUCAAGAAGGGAUAUGCACGACGGCUAGAGCCGCAAG,pos
GCUCUGAUCCCACAAGGAUCCAACAUCCAACACGAAAGUUA,pos
GUAUACCAACGCCCUGAAUUCUCCCAAAACUGUCACGCCCA,pos
AUUUGAUGAUCCUUACUUGACUAAAACCUUAUUAUUUCGUU,pos
GGACAUAUGUAAGCACCUAACAAUCGUUGUCUUCUCUAAUU,pos
ACAAAUUUUUAUCCCCGUUACUCGUAGAGUAAAAGAGUAUA,pos
AUUAUAUUCUGAAUAAGUAGCUGGCUAUUAGGGAAAUAGUA,pos
UUUGGGUCUUUCAUACGGUACAACCAGCUCAAUGGUUGAUG,pos
UACUGCCCCCAAAGCGACAUCACUUGCGUCUGUGGUUAAAG,pos
AUAUUCUGGGUUGGUAGUGUCAAUUUUCAUGUUCUUUUUUA,pos
UUAGAGUUAGAGUAACCUCUCUUUGAAUACAUUACAUGAUU,pos
GGGAUCUUCAAUUAUCUCAGCAGCACAUGCGUGGUAAAUGU,pos
UAUUUAAUUUGAGUGGCGGGCAUAUGAAAAAAAUAAAACAG,pos
AGGCCUUUAUGAUGCUAUUCCAGAAAAUCACCGUUCUAAUA,pos
AAUGACGAAGAUUUUCUGAUCUUCCAGAGAGCGUUUACUGA,pos
GCCCAGGAAACUCUUUAACUCUUUGACAUUGGCAUUGACAU,pos
UAAGAACAAAUGCAGUGGACCCUUGUCCGUGCACUCGAAAG,pos
CAUGGUUCAUGAUUACAGGCCUUAAAUCCCAAGUCUUUUAG,pos
AAACAGACGGUACCCCUUAGCCGCUAUUGAAUAUCCAAUCA,pos
AAACUUAGUGAAGACUUCGUCCUUCUUCCGCAAGAAAUAUA,pos
CAGUCUUCAGCUUCACUGUUCCUAUGCCCUUUGCUAGUAGG,pos
UGAGACACCCUUUUACAUAACCAAGUUGCGAAGACUUCACA,pos
GAAUGCGGGUCCUUAUUCCUCUGAGCCAACUUCGCCACCGA,pos
CUGGUCGGGAUUAGCAGCAUCUGUGAACCCUUGGGGCUGCU,pos
ACACCGUACACCAUCUUCUUCCUCACCAUCUCCUGUAGGCU,pos
AUCUCUUCGGCUGUAUAUCGCCGGGAAACACAAGCCGGACU,pos
UUGGGAGACAGAAACCAUUGCUGAAUCCGUCUCUAAGCGCA,pos
ACAAAGGAAGAACUCGACUGCGACAGUCGAACUCGAGAGAA,pos
UAAAUGAAGCUGGCUUUGUUCCGUAGGUGACGGUAUCAAGC,pos
CAGGGAACACCAUGGGUAGGCCAUUACAAUUGUAAUGGGUC,pos
GUAACUUAAAACAUAAAUUUCCCCAAAAAAGGCAUUUCAUU,pos
AUUGUUAAUGAAUACAUUGACAACUAUAUAGCUAGUGCGCA,pos
CAAUCGAUCAGUGGAAACCGCGAAGAGGUAUUGCUAUUGCA,pos
GAUAUUAAUGGGUUCGUUAGCACGUCAUUUGGAAAAAGAUG,pos
CAGACCCCUCUAUUAAAGGUCGCCGCAUUCGCAUUGAGCUA,pos
GAGGGCGGUAGAUUGGGCUCCUUGAGUACUACCAGUGUGUC,pos
GAUACGGGCUUGAUCGGGGCCACCCGUGUUUUGGCGGCAAC,pos
UGCUGCAGGGUAUUCAUGGCCAUGAUCGUCGGCAAGUUGCU,pos
CGUAGGUAACCGUCAGCAGGCGAAAAUGAAGCAGGUUCAUU,pos
UUCUCCACUGUGAAGGUCCUCCAACUCAGCAGCAACUAAAC,pos
GUGUAAUAAACGUUCCACUUCGUCAUCAAAUGUUUCACUGG,pos
ACAGGUGCAUCAGAUGUUUUCGGAUUAUGCCGCGGCUGAUA,pos
UCCCCAAUAUCUAUCGAUAUCCCAGAAAAUUGAUGAAAGAA,pos
AGGUUGGACUUGUUCGAAUUCAUGCGCGUCUUGGAAUCUAA,pos
AAAUCCGAUUGGUUACCUUCCAGGUGUAGUUUCGAAAUUAG,pos
GGUGUGAAGGGUUUCUGGAUCACCCUUGAAUGGCAUAAUGU,pos
GCAAGUUGUCUCUAAAAACGCGGAGUGCAAUUCGGUUCACU,pos
CCCAAAUAAGGAAAUAGUUUCCGGCAAAAAAUCAGAAUUUA,pos
UCUACAAUUAAUUUGAAACACGCUUUUAAUUUUAAGUAGUU,pos
CUGAAUAAGGAUCAAAAAGUCCUGAUUUCCGAAAUGGCGGU,pos
GCGUCAUCUCGGAAGUCUGACUCACUUCCAAAAAUGCUGCU,pos
UGGUGGCACCUGCUCUAGCACAACGUCAUGGUAAAUUACAG,pos
CCCAAGAUCAAAAUAAAUGACCCCACAAAAUAUACCAAUCG,pos
AACUAUUAUCGCAUCAAGCGCCGUUUGGAACUGUUUCGAUU,pos
CAAUGACUCUCGAGAUGUGGCGCUCCACAUUAAUCCACGGU,pos
GGAGAGUGCGAUUACUUCCCCACUCGUUUUAUAUAAACCUG,pos
GAGCGCAACGUUUUAUAUCGCUGGCUUAUGGAUUUAAGUCC,pos
CGCAUAGAGUGCACCAAAUGCUUCAAGGUGUUAACGUUUGC,pos
UGCUCGGUGAAGAGUCCACGCACGAAGAAUUGUAAAAGUAA,pos
UCCAAAACACAAGUAACCUGCGAGUACCUCUUCAAUCAGGG,pos
GGGCUUACAGGAAGAAAAAUCAUUGUAGAUACUUACGGAGG,pos
CAACUUAAUUAUGUUGGUGUCUAUGGAAAUUGUAUAAAACA,pos
CGCAUAAAAAAGUAAACCCACUAAUAUUUUUUACAUAUUUG,pos
GUUUUCGAAUCCUAAAAAGGCUAACAAAACUUUCGACUUUU,pos
UUAAAUGAGCAAAAGAUUUCCGUGUCUUCGCAAAUUGUGUC,pos
CGAAAACUGCAAAUUUACCGCUGGCCAGGAUGGCAAAUACU,pos
UUCAUUUACCCUACGAAAUGCGCGAUCGUAGUCUCUGAGCG,pos
AAAGUUAGCGUUAACCAUGUCCAGUUCCUCCAGCGUGGUAA,pos
CCGACAAGAACAUGGAAAAGCGGAAUAGCUCCCAAGGUUGU,pos
CCGUAAGCAAGGCAGUGGUGCAGUUUACGGACUUCUCCACA,pos
CCGCUUGCCGUUGUCAAUAGCAUCGACCAGUUUGCGCGUAU,pos
ACUGACAGCAAUACUGCAGCCCCUGCUGCCCUUCGUUCCCG,pos
GUAGAGAAUACAUUGAAAUUCUUGGGGGCCAGAGACUGCUA,pos
ACAGUGUGUGUGCUUCGCUCCACAGACAAAAUGUCGCUUAC,pos
UGCGAAACGAACGCUACAAGCAGUGGCUCAAGGGGGAGCGU,pos
UAAGGGACAAGAAUUUUUUGCGGAUCCCCCACGCGUUGAUG,pos
CAGUACAACAACAACGGCGGCGAGCGAUUAAACAAAACGCC,pos
UGCGCGAGUGGUUUUGUGUGCGAAAAUGCAUUAAUUCACCA,pos
AGAUAGCUAGUGUUAUAAUUCAAAGAAGUAUAUCGUAUAAA,pos
GGCGCCCAUUUAAAAUGAUGCCCCUCCAUUCGCGGCAUACG,pos
AUACAAACAUGCUGUUAGACCAAGCCCAAAAAGAGACCCAC,pos
CUGCCCUUUUUCGGAUUUCCCCUAGCUUUCUCUCCCAGCUU,pos
AAAUGAAAACGUAUUUUUGCCCCUUAUUUGUGCGCUAUAAC,pos
CUCAUCCCACUCGCACGCGUCCAGUCCCGUCCAGUCUUCGG,pos
GCCAGAUGACGUUGAAAAAGCGUUGGAGGUCUCUCAUGACA,pos
GAGCGACCUGAAGUGCUGCCCACAGAGCCACGUCGAUUGCC,pos
CUCCGCCCAGAGAAAGAGUUCGGGAAAGAACCAGGGAUGUG,pos
GAAAUAGCUAUCUGCAGCAGCAACUGGGAGGAGGAUCUACC,pos
UCAGCAGCACCCACGACAAGCUGCACAGCAAGCACAACAAU,pos
CUCCAGCGAGGCCGAUGAUACGGCGGACAAAGCUGAAAAGA,pos
AGAAGAAGGCCCAAGAGGAUCGUGAAAAAAAGGAAAGAGAA,pos
GAGCUGCAGUCUCAUCAACCCAAAAGAGAAAAGGAGAGGGA,pos
AUACACCACAGCAGCAUAAUCCUCACAGGAGAAUCUCUGCU,pos
AUAUACAACUCAAGUGGAGCCCAUCCUUCUACCUCACCUUC,pos
GCCGAUUUCAGAAGAAGCCACUCCUUCAACGGCCGCCACAU,pos
GGCUACCACUCCUACAUCUUCGACAGCAGCGGGAGUCAGUG,pos
UAUCUAUACCAGAACAAACACCUCACUUUGCGGUCCCCCAA,pos
AAUGGUGUUGUCUCCUCAGUCACAUCAUCCUCAGCAACCUG,pos
UUGCACAAAAUCAAGUUCCACCACCACAAACCCAAGGUAAU,pos
ACGACGUUCUGGCAGAAAUGCUCAAGCCAAAAAGACGGAUG,pos
GAAUAAUUAUGCCUACCCAUCCUGGCAUGCUACUGCAGCAA,pos
AAUAUCAUUUACUCAAAACACCCAGGUUGACAAGGAGCAUU,pos
ACAUAAAAGUGUAAAGAGAUCCGCAAGAGACUCAAACAAAA,pos
AAUUAGGUUUAAAGUUGCGCCCAGAGGCUUUUCCUACGAUA,pos
CUCGACCACGACCAGAGGAGCCACUCAAGGCCUCCAUGUUU,pos
UGUAUUUACUAUCCACAGGCCAAUUUCCUGACUCAACGCAA,pos
UUUUUGUUCCUCAGCCUUUUCAUAUGAGUUUUCACCCUUCU,pos
AGGUUUCGGAGCGAUAAAGUCCGUGCUUGAGGACGGCUGUA,pos
CUCGCUUCUCCUUGCGGCGACGGGAACGGAGCCCUAAUUGG,pos
CUUCCAAACUCAGACAUGAACUCUUCCUGUGAGGAGAACUG,pos
AUCUAAUUCAGAUUUCUCUUCAUCUUGUUUAGGUUCGGGUG,pos
GCUUUUUCUUUGGGUUUGUCCAGAAUAAGUUCGCGCUUUCC,pos
UCAUCGCCGGCCUCCGCUUCCUUUUCAUCUUCAUUGGAGCC,pos
GUCGAGGGUUGCUGCUGCUGCGUUUGCUGUUGCGGCUGCGA,pos
GUUUGCUGUUGCUGCUGCGUCGGCUGUGUUGUCUCCAUGGU,pos
UCUGUAAGCCGAUGGGUAGUCCAUGGGUGGUAGUCCGAGAG,pos
GGUGUCUCAAUCCACCUUCGCCUUAUCGAUUAUGAUUAUAU,pos
GUCGUCACAUAAUAAAAACUCACAAACUUGAUGGGAGGAUG,pos
UGUUAAAGGUAUAGUAGUAGCAGAUUAACUGGGCCAGAAUG,pos
UAUUUCGCGGGGGGUUUGUACAUAGGUGGUGGAACUCCCCA,pos
GGAGCCAUCCGCGGAUUUGGCGGAGUUUUGGGGGUUCACGU,pos
UAUAGAUUUUGGAGAAGCACCGUCUGCGAGAAAGUGGGUUU,pos
GAGGAAGAGAAGGAGCAGGGCAACCUUUUCUUUAAGAAGGG,pos
AGAAGCUCUUUGUAGAAGAACGAAAUUUUCUAAUUGGAAAA,pos
AAACAUAUUUUUUUGUAAUACUGCAUUUCGCGUGAUAAUUG,pos
AAAACAAUCGCAGCGUGAGACUUUGCUUUUUGUUGUCUUUG,pos
GGAGGAGUAGUCCCUAUCCUCCCACACCUAUUUGACGGGAA,pos
AAAUAUGGUAACCAAAUGUCCCAAUCACUUUUGUUAACCGA,pos
GUUGCCCUUUAUUUUAAAUUCAUUUAGUGAUACAAAUUGGA,pos
CAGUUCUAGGGCCUUGUAUGCUUUGAUAUUUCUCUAGGUAA,pos
AGACGGUUGGUAUUUUUCUUCGUCAUCGGCGCGGUCACACU,pos
CUACUGGCCCGGUCUCUUCGCCAAGGCCCUGGAGGGCAUCA,pos
UCGGUCUGUUCGACUAAAUCCUCUAGAGAACUUCUCGACAA,pos
ACUAACAUGCAUUUAACUAGCGAAGACAGUUUUUUAGAAAA,pos
AUCCCCACCAUAGUAAUAAGCGAGAGAUGAUUAUCAUUUAU,pos
CACCAUGUCGUCCAAUGUGCCAUUGGAUCUCUCCGGAUCAA,pos
AAGGAUCUUACGGAGGAGGACAAGGAAGGUUAGCAUAUACA,pos
CCAAUAAAAGUGCUCGCCGGCUGUACUCUAGUUUUUAAAUG,pos
AUUCAAGAGAUGACUUUGUUCAAAAAAGUUGUGCGAAAACA,pos
CUAGAACCAUUUAAAAAUUGCGCCUAAAAGCAUGCAAGGAA,pos
UCUUUUUUUUAUUGAAGAGUCUGUGUUUGUUUGUUUGUUUU,pos
GUUAAUCGCCGCCAAUAAUACAAAUAAUACAAGUAAUCGCA,pos
UCUCGUAACUCUCCACUAAUCACGAUCGCUUUUCCCAUCUG,pos
CAAUAAACGUAUUCAAUGUACAGGAUUGAGGGACUCUAAAG,pos
UGGGGCAGGGAAUAUUUACCCACUCACUCUCUCUCCCUCUU,pos
UUUUUGGGUCCCCUCAUUAGCUAAGGCUUAAAAGCAAAAUU,pos
UCGAACGUCGUCCUGGGCAUCAGUGUUGCCAAUCUGGAUUU,pos
UCACUCACUUACCCGAGAAACCGAGCCUCAAGUCGAGCCAG,pos
AAUAAUUAAUAAUUGUGCAUCCUAAAAUGACCAAAUAAAAA,pos
GAUUGGUCACCUUCGGGAUACUCAAGAAAAAUCCUUAUAAG,pos
GAUUUUAGGGUUGGGCAAAUCCUCAAAAUCAUGCUUCAAAC,pos
UUUUGCAGCGAUCCGCGGGGCCUAAUCAUCAGUGACCACCA,pos
UUCUCCAGAACGGAAUAGCGCCGCCGGGAGUUACGCCCAAU,pos
CAUUAAUUUAGGCGCAUACCCAUUAAGUGGGAACCAUGACA,pos
AGAAGACAUUUACGAUGGAACGAGUGGGGAUGUUGUUCGGA,pos
AGUCCCAGCAUUGCGAAGUUCGAGGCGUUCAGGCCGUUCUC,pos
GUGAACAGGAUGUGGAAGGGCACCUUCGGCACGGCGGCGGG,pos
CCCAUAUUUUUAAAACCCCCCAUUUUCCACACACAGCCCAA,pos
AGCGUCAGCGUGGAGCCUUUCGGGUGUACAUAUUUGGGCUA,pos
GUUUAUCACUAUGGACGGCACACAAAGUUUUACAAUUGCUA,pos
AGUCCAAUUAGUGGGGGCCGCACGAAAAAAAGCUCGGUUAA,pos
UCUCUCUGUGCAGGCGGGCACAUUCACUGUGGGGCUGAAAA,pos
GUAAUUCCCCUUCCCCUCUUCUAAGCUUUCCUUUCCUUUUC,pos
GCUCCCUUAAACCGUCGUUGCCGUGGUGGAUGGUGUACUUC,pos
GGUGCAAUGGCCAAGCCUCACUCCGGAGGAACCGCCUUCGU,pos
GGAUUACUAGAUAAAGCAUUCGAUAUAACAUAAACUUGCAU,pos
AGUAUUCUGCACACAAACCGCAUUUGAUUUGAGACUCUUCU,pos
UUUGGGUGAUGUAAAAGCACCAAAGUUCAUAAUUUGUCCAA,pos
AAUUUGCUCAACAGAAAAAACAACAUCAAAAGCAGCUGGUU,pos
CGUGUGCCAGAGGGAGAGGGCGAUACCAUGCUGUGUGCAUG,pos
ACAUUGCCAGGGAGCACAAGCAGGAAAUCGGAUUGGCGGCG,pos
AGGCCGAGGCCAUUUACGAUCACAUGCCCAACACGCCCACC,pos
CAGCCCCCCACAUAUAAUACCGCCCAACGAUACGCCCACUC,pos
AGGAGAAACGAGGAGAUGCCCCCAGAGGAUGCCCCCCAAAG,pos
AACCUAAUGAUAAGAUGUACCACACACGUGCACGUGUGCAC,pos
CAAACCAAACCAAACCAAACCAAUUAAUGGCAGUAUGAAAC,pos
GAUGGCAACAACAAAGGCAACAAACAGCAAUAAUUACAGCA,pos
CGAUUAAAGAAUAUAUUUUACUUUUCGGUUUGCAUGGGACA,pos
AAACAAACAGAGGACGCGAGCAGAAACACCGAAUGUUUCGC,pos
ACACAAUCACACACAAUGAACACACAAUAGCAAUAAUAAGG,pos
CUCGACAUUCUUGCUGGUGACUCCCGCCAUCGAAACACGUC,pos
GACGAUGGAACGGCACAGAUCCUUAAUUGUUUAUAGCAACC,pos
GCUGGCGGAACCGUCUGUACCGCGGUCCUCCACGAGGAAGU,pos
AUAUGGGGUCUUUGAACUAUCAACAAGUGCUCUGCUAGGAA,pos
UUAAUUUUAAUUUCUUGAUCCAGCAAUCUAUUUUUCACAAA,pos
GGUUGAAUAGUAUAUUCCAACAGAUACAAUAAAUGUCUUUC,pos
GUUUAUGUUGGGAAUGGGAGCUCCUUUGUUUAAUGCUUAUA,pos
AAAUUUCAUUUUCUGUAAAGCCAAAAAAAAACUGUGUUAGU,pos
CACCCGUGUUGCGUUGAGCUCAAGAAGAUUAAAUAGGAAUA,pos
UUCCGAACAUCGAAGAUUGGCCUACCCUUAAAGCAAGACUC,pos
UAAGCUAUGCCACACUACUGCUUCUUCGCCUUGGGUUCCCA,pos
UCGGAGGGCUCCAGUGGCCACCUGCUGCAGUGGCAUGAGAA,pos
GGAUUGGCUUUGGAUUACCGCAUCAACACCCGCUUGCCCGC,pos
UUCCCUUUCCCUUACCCGCGCAGAUGAUGAUGAUGAUAAUG,pos
GGCCUACCCUUAAAGCAAGACUCAUCGCGGAAUUUAAAAUU,pos
AAAAUUUUCGGUUAACAGCCCCGGAAAAUACGAAUACAUAA,pos
AUAGUUUUCUUUUAUUUACACCUAAAUUAUGAAAGCAUUUU,pos
GGUUCAGCUUGCUCCUUUAACGUUGGUACUGCUUCCUUUCU,pos
CGCAUCCUCUUCUCCAAUUGCAGCCCCUACAACUAAACCUG,pos
GACACUCAACUGGCCAAGGGCAAGAUGGCCGCUGUGGGAUU,pos
CACCCAGAAGUGGCUGGUGGCCAAGUUCGGCAAGGAAACUU,pos
CCCCGGUGGUAAUGGAGAACCUCGUGUUCCACCGUGCCACU,pos
AGGAACAGGUUGAGACUGGACUACCUGUGCAGUGGUACAGC,pos
UUAUGUUGACCUCUGGUAAGCUGGCCGCGGAUGCCUUGCCU,pos
CCAAGGGACGCGGAGUCGAUCUGGUGCUGAACUCGUUAUCU,pos
ACCCUGCCCCAGAGGAUGCCCUCUUGCCUGCAGACCAUCGA,pos
AAAAGAAGUGAAUAAUACUUCAGUGAUGGACAACUGCGGGU,pos
UAUUUUUGUGGGCUAUGAACCCAAUGGUUUUAAGUUGUGGG,pos
UGCUCAUAAAAUUAAUAAUACUUGGACAAUUACAAAAAGGC,pos
GGGUUUUCCCCGUAUCCUCGCAGCAAAUGCUGGAUCAGUUA,pos
GGAAGAGAGCCCGAAAGACCCCAUACAUAUAGUUCUAACAU,pos
UGAUGUAGUUAAUAAAGUCUCAAAACGCAGUUGGUCAUUUU,pos
GGCAGGUGGUGAGGGUAUUGCUCGAGCCGGAGAUACCGCAG,pos
GUUUUCAAAUUGAGUUCACUCAGGAAAACUUGAUCGUUGAA,pos
AUGGGGAUGGGCUCGUAAGGCAGUACCAUUUCAUCUUUCAG,pos
GAUAUAACCUUCAUACAGAUCGUUUAUCAUUAAGGAAGUGU,pos
GAAAAAGUUUGGCGUCGCAACUGGCGCUGCGAAAACGUUUG,pos
AUCAAUGGCACAAACGCCCUCCGAACGUGGCGGUGGUUUUU,pos
GAACUCUUUUUUGGGGCUCACAGAAAGGAAAAAACUAAACA,pos
GGGGGGCGUGGCGCAGGCGGCGCACUCGUCACUAUCCGUGU,pos
AGUGCAUUUUGUGCAGACGACGAUUGCGUUUAUAUUUAUUG,pos
UUAAUUAAUUUUUCCAGAAUCUUGGACAAUCCGCUUAAUAG,pos
GAUGAGAAUCCACUUAACGCCCUCAAUAGUGGGGAUUCCCA,pos
CUGACCAACAGUCUGGGUAUCCUUAGACGAAGUUGUUUCUG,pos
AAGGGAGAGCAGAAAAGAAACGUGUUUUCAUUGAGCAUUCC,pos
AUUAGGGUGUAUCUAAAGAUCUACUAGGGUGACCCUAAGGA,pos
AAACCCUCUGAUUGUAGGAUCAUAUUUCAAGGUAAACCGGA,pos
CCGGCCCAUAUCGAAGGGUUCGUAGAUGAUGACAUUGCGGC,pos
UGUUUUGCUUGGUGUAGGAACACACGGUUGCCACCUGAUGC,pos
GGGCCGAGUUAAAGCUUAGCCGGUUGGCCAAACUGCUUCCG,pos
CGUUGGAGCCAGGAUAAGCUCCGGCAUUGGAGCCAGGAUAA,pos
CCCUGGAUGGGCGUCAUGGUCAUUGGCAUGGGUUCGGCGGU,pos
GAUUUGGGGUCCACGGUGUCCGAUCGCACCGUUGGGUCCAU,pos
UAACUUCGCCAGCCGGGCCACGGUCACCAAUUUCGCCACGA,pos
CCGCGCUCACUACGACCAGGCGGUCCGCGACUGCCGUUUAA,pos
ACCGGCAGGUCCUUCCAAGCCGGGAACUCCGAUGGGUCCUG,pos
UAAUUGCCUCUGUCUCUCCCCGCUUAAAACACACACGAAAC,pos
UGAGCCCGCGUCCUCGUUUCCCGUCAAACCGACCCACACGG,pos
CCCGGCGGCCCAGGCGAUCGCGUAAGUCGAGUUCAUACUUA,pos
GGUCCUCCGGGACCGCCAGGCGGUGGCCGUGGAACACCAGG,pos
UCCAUCGGACCCAUUGGACACCCAGGACCACCGGGACCAGA,pos
GUGAGAAGGGCGACCGUGGUCCAACCGGACCCAUUGGUUUU,pos
AACAAGGACUGGACGGUAUGCCUGGCGAAAAGGGUAACCAA,pos
GUGGACAGGCGCUGCAAUCGCCUGGCUCCUGUUUGGAGGAC,pos
UCAAAUUAACAUAGUGGAUACAUACAUCGUUUAAAUCUUCU,pos
UGACUUCUGCGUAUCGUAGACGACAACGACGGACUCUUCAA,pos
GUCGCUUGGAGGGGGGAACUCGGAGCUAGAGGUGGAGGUGG,pos
GUCCGGACAAAAACAGGCAGCCUUGUCAGGGAAUUUAUGGG,pos
AUAUGGUACCCGUUAUGGUGCCUCCCUGCGUAAGAUGGUCA,pos
CUGCUUGGUUGCCUGGCGCGCUCCAGUACGAUUUGGUUGGG,pos
ACUACUACGAGCAGAUAAUGCAGAUGCAGCAGUAUCCCAUA,pos
UACGCAAUCGGUCCUUCCCUCUGUAGGGAAAAAGGAAACUG,pos
CGAAGGCGAGCCCACGGUUACCACAUCGACUAAUACCAUUU,pos
UCAGCGAAGUUGUUGUUGAGCAGGAGCAAAAUAAGCCACAA,pos
AAGGUUGUGGCCAAGACUGUCACCGAAAAUGAACAAGAAAU,pos
AAGAGGAACCAGUUCCUGAACCACUAAAGGAAGAAACUGUU,pos
UCUAGCUCGUGGAUGGAUGUCUUGGACGAACCUAUGAACUU,pos
AAGAUGAAGUAAGCAGUGAACCCUCUGAGGAAAUAGUUGUG,pos
UACCACCACAACAACAACUACCGAAACCAUUAGCGAACUUC,pos
AACCCAAAAAGGACAAAAAACGAGAUCAAAAUAUUGAAACU,pos
GACCGCGCCACCGAGCUGAUCCUGAAAAAUGUACCUCAGGC,pos
GCAGCCGGGAGAUGUGCAAACCCAAGGCACCAUCCGAGCAG,pos
CUGCGUGCCGCCACUCAACUCUUCAUCUCUGGAGAGGCCGC,pos
GUCCUGGGCAAGGAAAGUACCAACGAAGAGGAUACCGCAGC,pos
AACGCUCGAGCUUUCCAACGCGAUUUUCCAGGCAAGAAGAU,pos
AUUUAUUUGAGGUAAGUACACGUAUUUCACUUUAAAUAAGU,pos
UUUUAAAACCGCUUUCAAAACCAUUAAAAUCCCACUCCCUA,pos
CUUCGAGCUCUAGCGUCCCUCAACUGGAAAAGAAAAUCAAG,pos
CCCAAUUCAUGGAAGUUACUCUAUAACGUUCUCUGCAACCC,pos
CGAUUCUUCUUCCAUUUGGGCUUCGUCCCUCCACCACCACA,pos
GAGGGUAUCAAGCAGUUUUACGUCAACGUGAAGCAGGAGAA,pos
UGAGUGAGCAAAACAGCAAACAAGAACUGCGAAAUCGAUAA,pos
AGAACCUGCACAUUUGUCAGCUUGAGUUUUUAUACACAUUU,pos
AGGUCAUAAAUGCCAAGAACCUAUUUAACUGCUUUCAAUUC,pos
UUUGUGAAUGGUUGUGGUUUCAAUUUCGCCAGCAAUCAGAA,pos
GAUUCAUCGUAAGUGUGGGGCGGCUGGUCACCGCGAUCCUU,pos
CACAUAGACGAUGGCCUGACCAAUGGUGAUCACCAUGCCGA,pos
ACGCCAGCUUUCACUGAGUACUUUGUUGGACACCGGCGACU,pos
UUUCAGAUCAUCAGGCAUAUCCUUCUCCUCCUUAUCGUACA,pos
GAACUUUUCAUUCGAGCUACCGAUAAGCGAAGUACUCAGAA,pos
ACUGCCCGUUUGAGAGGCUUCACAGUGAGUCGCUGCUCCUG,pos
CCACCACCCGCUUUCUGAAUCAGGCGACAAGGUUUAGUAAG,pos
GGCAGGAAGAGAGAAUAGGACAAGUUAAACAAGUUACAAAA,pos
CUAUUACCGGUUGACCUCAGCGGUUAACAUUCGGUUACCAC,pos
CAUACAAAUUGUUAAGUUUUCUUUUUGUCGCCCAGGGCGUC,pos
AUAAAAAAUAAUGCUAUUUUCCCAUUUUUCAGAGUUACUCU,pos
CGCAUCGUUUGCGGUUAUAACUAUUGUUUGUUGAACAGUGU,pos
AACGCAACGCAAGUUUGUUUCAGAAGAUGGACACGCCCAAU,pos
AGCAUUUUGAUAUCACAAGGCAGCUUUUUUCGCUACACUAC,pos
AAAUUGUGAAGUACAAAAUACCCAUUCGUUAAAGUCCAGAA,pos
UAUGGCUGCCUGCGGUGCCGCAAGGGAAAAUGCAAUUGGGA,pos
GGGCAGAUCUUCAAUCGAGACGACAUCAAAAGAAACUUGUU,pos
GGCUUUAAGUAGAAUUUAAUCUCUCUUCAGAUCCACUCUCU,pos
GUUAAGUUCGAACGAUAUGUCAAGGGAAAAUAACGAUUCGG,pos
UCAGACCCGAUCAAGUGGAUCCUGAAGGAGGAUGCGGUGAA,pos
GCAAGGGCGGGAAGUGGGGGCGUUAUAGUCAAUAUUGUUUA,pos
UAUAAAGUCAAGUGUCACCACUGUGGCAGAGAAGGCCACAU,pos
AAUAAUACAAACAGAAUUCCCGAAUGAGAGUAAGGAAUGCG,pos
CCACUACCGCCUGGACACUGCGGUUGUUGUAGUAAACAUUA,pos
UACUUCCAAAAGGUGAUUAGCCAUUCGAUCCAGCUGAGUAA,pos
AUCAGGGCUUGGGCCUGACUCAAAAUAGUCAGAUCAGUAAG,pos
AAAGUCGAUCGGUUUAAGGCCCAGUCUGUGUGCCAGCGGUG,pos
GUAUAAAUGUGUUUAAUUAGCCUCCUUCUCUUUCCCCAAAA,pos
CGGACGGACAGACAAACGGACGGAGGUGCGGCAGCUACAAC,pos
GACGGAUUAAAAGCGUUAAACCCGAGAAAACUUCCAGGCAG,pos
UCCCGAACCGUGGCGCUCAACAAGAUCUCGUCUGUGGUCUU,pos
GAGGCUCCAGCAGCAGCACCCCCGCCACCUGUUGUGGUUUU,pos
UACACAAGACCUGCAUGAAUCUCAUACUGGUCUUAUUUUUU,pos
ACGCACUUAGAAAAAGGUCACUGAUAAUAGUUCAUUAUGUA,pos
UUUGGUUGGAAAGAGAGAAACAAUAUAAAGGGAGACAGGUA,pos
GAGUUGGCCACGAUGGCGAACUCGUCGUGGGCGUGCCUACA,pos
AAUUUGGAUUAUUCAUCGUACUAUAAUCCCAUAAUGAGAGG,pos
CUAUUGGCGCAACUUGCUGGCUUAGUGGGAGCUCUCUGUGU,pos
GGGAAUGGUAGUCUGGUUACCCAACUUUUCGAUUGUGCGGU,pos
ACUGGAUGAACACGAGAUUCCAGAUCUCCAGGACAUCGGGA,pos
CAGAAGCCGCCGCGCACUUUCGAUAAAUAAAGUGGAAAAAA,pos
GUCUGUGAAAAUGUCAAUCGCAAAAAAUAGGAGAAACACUA,pos
AACAGGAAAGAGAGGAACAGCCUGACGAGGACCAAGGGGAG,pos
GCGGCAGUACGGUACACUUGCACUUUUUUUUGUAUAUUUAU,pos
CCCACGGCUAGCUUAUUCGGCAACGCAUCGGGUGUGUUUAU,pos
UUAAUGGCCUGACGGAGCACCUUCAAAGUGAUAUUCCGUUA,pos
GAAUAGGAUGGGAAAAAAAACUAAAUUCACUCACGACUAUG,pos
GGGUCGAACGUGUUCGGAAGCCGGCAUUGAGGAGCACUGGU,pos
AAAUAUGAGCAAAAGUGAGGCAGACACCGCGAAGUGAAGAC,pos
AAAAGGGGUUUUAAAUACUUCCCCUGUACCCCACCUAAAAA,pos
UUUACCCAUUUCCCGGUGCCCUAUUUGCCCCCGAAUAAACU,pos
UGGCCGUCCCCCUGAUCCACCUAUGAGUUUUCUUCAUAACA,pos
AUUUAGUUAAUUAAUUAAUUCCAUAAGUGCAGGGUUUUGCU,pos
AAAAAGUACUUACAAAAUAUCUGACCCCUAUAUUCAAUGAU,pos
AAACUAUAUUUGCAGGCUCGCACUGAUGCCCGUUUGGUCGG,pos
CGAAGCGAAAAAACCAGAAGCGAACGACGACGAUGACGAUG,pos
GUGGAUCUAUUUGGAUCGGACAGCGAGGAGGAGGAUGGAGA,pos
AUGUGGGGGAAUGAGGGAAUCUGUUGGACGAUCGAAAACGA,pos
CGGUUUUGAGACCAGCUUUCCAGGAAUAAAAAUGUAUGGAG,pos
CAUUUGUGUUCACUAUUUCCCCGUUGGCAGUGGCCAGGCAG,pos
UCGAAGUCAACAUCUCUGAGCUGGGUUUGGUAACGCAAACG,pos
GCCCAGACCCACCUGGCUGGCGUUGUUCACCUUAGCGCGCA,pos
GCGAGCCUGUUUGCCCAAAUCGCUGUAUGAUGGAGGAGCCA,pos
AAGCUUUGUCUUCAUUCUGACAAAAGGAUGUCAUCGAGUAU,pos
UUUUUUUUUUUGCCGCAAAACCAUAGAGGUGUGUAGCGGCG,pos
UUUAUCAUCUGCUCCAGUGUCUUUUUGACCUCCUCAAGCUU,pos
GCCACUUGUUGUUGAUGCUGCUGAUGUGCAGCAGCCGCCUG,pos
AUUACGGUUGCCCGCCAUACCGUACGUGGGAAUGUCACCCA,pos
AACGGCACUUAAAACGGUUUCAAAUUUAACAAGUUUUCAGU,pos
UGCGGUGCCCAACAAAUUGCCCGGCAAAACAGUGUCGGUGC,pos
AUACACACCACUUAAUAUAACAAAAAUAAAAAUUGUAAAAC,pos
GCCACAAACGGGUGCGCAGACGGCGGAAGAGAUCUUUAGAA,pos
AAAAAUCAUAAAGGGAAAUACUUUUCAACAGAAUUACUGUG,pos
UCUUAAAAACGUUCAUUUCCCCCCACACACACCACGGUGCG,pos
UCAAGUUAUUGCUAAGCCGACAAACGCAAACACGAACAAAC,pos
UGACUGGGUUCGCGAAAUACCAGUGUGGCCUCCUUCUAUAG,pos
UACGUCAAGGGUGAACUUAUCGGCGGACUCGAUAUUAUUAA,pos
CAGCGUGUCUUCGAGGGCCACACCCACUACGUCAUGCAGAU,pos
GCACUUUGAUGUAAUCGAUUCGUUUGAUUAACGUUGAGUUG,pos
AAUUCACCAUACAUCAUUCGCUUUGAGUUUUGUAUUAUUGC,pos
GUUUUGGGUGAGCACUUUAACGCGGUCGGAUGCAAUAGCAA,pos
AAUAACACGUAACGCUGGUCCGUUCCGGGCCGCACUAGAUC,pos
UAAACCAGCUUCUUUGGUGGCUCUGAAAAGCUGACGGGCGG,pos
GCUGUGAUUCCGCAUUAUUGCCUUAGAGCAUAUUGCGACGC,pos
AAAUUUUACGAUUCGGGGCGCACUAAUUGAUAUAUUUAUGU,pos
AGCACGUCGCGGUUAUUAAACAGCAGUAGCACACACAUCUA,pos
UUUUCUUUAAAUAAUUUUGUCAUUUUCUGUAUACCAGGGUG,pos
UUUGUUCACUGUCCGAUGGUCUUAGUCGUUUAGUAAUCGGG,pos
AUGCGACACACGCUAGCUUGCAUGUGUGUGAGUGAGAGAUG,pos
ACCGGGCAAAUCACUGCUUCCCUUUAAGGAGAGUUGUUGUA,pos
CCCUCAAGAGGAAGUAUCCCCACCUGAAAGUUUUGUUGAGU,pos
GACCUGGCUCUCCAGCUUCCCAGAAAUAAGCCACGCAAAGU,pos
UUUCUGCAGUAUCAUAUUUGCAUUUCUAUCAAGAAUUGCUU,pos
UGCUCCAGCCCUAUCGCAAACUAAAGUAUAUUUUAGCAGCG,pos
ACCCCGAAUUUUUUAAACCACGCAAGAUUCCCCGAACGAAG,pos
CAGGCUGGAGAUAUAGAUCCCCCUACGACUCUUAUUGUUAG,pos
UGUUUUUUAACAUUCUUUUUCUUUUUUUUUAGUUUCAUUUA,pos
AAGAUUAGUUUGAAUCUCAGCGGGAGGGUAGUAGGAAAGCA,pos
AGAUUCUGGAGAAGAUAAAACCCUUCAUGGUCAUUAGCCUU,pos
GAUUCUUUCUACACCUCCUUCUUCGUGCUCCCCCCGAUCCA,pos
UAACUGAGCGAAAAAAAAAACACAGAAUUUGUAGUCCAGUU,pos
CUGUUUCCACCGAUUUUAGGCCAAUGGCGUUGGCGACAUUG,pos
AAGCCGGUAGGGCGCGUGUGCGGAGAACAGCUGUUGCGAAG,pos
UUAGGUACUCUAUUAUUGUACUUUUUGCACAACGCUCUGCC,pos
GAGGUGUUCAGAACUAUGUACAUAUUGAAGAUAUGCUAAUG,pos
ACACACGCGCACAACACGUUCAGCCCGAUCGGUUCACGAUC,pos
CCAGGCGUUGGUGUCGUUGACGGCGUAGGCGCUGGGGUUAU,pos
UUUAACAGACUGCCAGCUGUCAAGGAAGGGAUCCAAACGGC,pos
ACGGCCUGAAGGGUUUUGGUCAGCGUCUCCUUGGCUGUGCC,pos
UGAAAACGAAAUGUUAAAGGCCAAAUUGAAGUUUUACCAGG,pos
CGUGCCGACAAUCUAGAUGCCACAUUGUUGGGUGGACCAUA,pos
UGAAUCACCUCCUCGCAGAGCCAAUACCAAGUGAAGAACGG,pos
GGUCAUGGAGGACACGGCCACAGCCAUGGAGCACCAAAGCC,pos
UUAGUUAAAAGCAGUUAGGACGUUAGAUAUUUAAAGUGAAC,pos
GCCGUUUGUUCCGUUGCUAACCUGGAAUGAGGGAUAACGAU,pos
GCCUGUUUUCAUGCCAUUUUCUUUUUGAAAAACUGAAAGAG,pos
CGAUUAUUGCUAGUUGAAAACUUUAACCAAUACCCCGCCAU,pos
GUGAAGAAAAAAUGUCGUUUCCUGGUGGAGCGUCCGGUGGA,pos
CAAAAGAAACAAAAUAGUAACGACUCAUACUUGUUUUUUGC,pos
AUUAAUCUGGCCUUGCUCGGCUGUUAUAUAAUAUGAAUCCC,pos
CUCAGAGAGCAUACGUUAAACAGGUAUCUGCCACAGUACCU,pos
UUAUUAUUGGCCCCAGAUGACCAAGACAAUCUCAAAGUAUG,pos
GCUGAAGCUGGAUGUGGACACAAAGACCAUAAACAACAAUA,pos
CAUCUUUGAGCUCCCUUGUCCACCACCACGGUUGUUCAUGG,pos
UAGGUAAUUUGGGGUUAUUACAAAAUAUGUGUUAUUUAUUG,pos
CCAACAAUUAAGGAGCAGCCCACUCGGAUACCCCUCAUCCU,pos
AAGGGAUUUAAGAAAUCCCACAAAGAGGAGCUUGAAGGGCU,pos
CAAUACAAAGAAACCAGUAACAGAAAAAUGCGUCCUGGAAA,pos
UUCAGAACGCCACGCGUUUCCUCGUAUAUGAGUCCAGAUAU,pos
AAAGAAAGCCUCUGCGACGCCGUCACAUCCGCCAACUCAGC,pos
AAAGGAACGUGGCGGUUCAUCACUUCUGGCAAUCAAAAAAU,pos
GGUGGUGCUUUACAACUUGUCCAAGUACUGGGAUAGAUCGG,pos
AUAGGUAGGGCUUUCAUCAGCAGACGGUUGUGCUUGUUGGG,pos
AGGUUCAUUUGUAUGCUUAUCGUAAAAAGCGUUUUUGGGUU,pos
UCGCAGCGCCAGUUGCGACGCCAAACUUUUUCGUUCAUAAA,pos
UCAUUUUUAUUUAUAAUCCCCUAUAAAAAAGAGGCUUAUUA,pos
AUGUAACCGAAAACCCCAAACAAAUCACCCACCAGUAGACC,pos
UUUCAGUCCCGCUUCAAAACCUCUAUCAGUGUUUUAGAUUU,pos
UUGGCGAGCAUAAUGGACUUCCAAUCAGUCAGCCCCCCCUG,pos
UCUAGGCGCAGGAGAUUUAACAAAUAUAUCUUUAGGGACAG,pos
CAGCAGGCCUGUGCAGUAAGCAGCAGCGUAGUUGGUCAAUC,pos
CAAGCACCCUGAAAUUGUGACCAAAGUUUUGGACGGCAUAG,pos
UUCUCCUUUGUUUUCAAGGACUUCACACAUUCGUCUGGGAA,pos
UUAAUAUAUACACCUCUAUCCAUCUAUAUCUGAUGCAAUGU,pos
CGCCCCCUCAAAAAUAACGUCUAUAAUUAAAAACAUAACAA,pos
UUUUUGCUACUAUAUCUGCUCAAGAUAUUUACUGCAGUAGU,pos
UAAACAAAGCGGCUAAAAUUCGUAAAAAGCCAAUUGCACUU,pos
GCGCUUAGGAAAAAUACAUACUUGACGAGUAGAGUGAAAUA,pos
GUGUUACCUUAUGCAAUUUGCACGCGUGAGUUGUUUUGAAG,pos
CAUGCGUUUCCUGACCCCCUCACUGGUCGGGACAUAAAUUU,pos
AAUUGUUGCUCAUAAUGUGCCGUUAGUAGAUGCUGGCUAAC,pos
AAUGUGUUAAAACUUUAGGACUAAAAUGGGAACCUCAAAAG,pos
AAGGCCAUUUCCUGCUGCUGCAGGCUCACAUCGUAGGGAUC,pos
CCCUCAGCCAGCUUGUACAGCUCCUUAAUCAGGAUGUCCGC,pos
CAGCAGAUUGUAGCCGGGCCCAUUUCAUUGUCCUUUCCCGG,pos
UGUGUGUGUAUGUGCCUGUGCCACGCCUAUCCGCCUCCUUU,pos
GUAAAGCAAUAUCGAAAAUGCAGAGUAAACCAAAUGUGAAC,pos
UUUCUCCGCCUCCCGAGUAUCUGCCACUUAACACCUUUCUG,pos
AUCACAAAGUUGUUGUUAAACUUCAAACGUUUUUUUUUUCC,pos
AGCAGAGUAGGUUUUGGGCCCGGCUACAGGGGCCCCCUUAA,pos
CUACCCGCAGUGGCAACGGCCACGACUAACAAUAUUUUAUA,pos
AAAACGAAACGGGAGGAGAGCACGUGCUUAAAUUUAGUUUA,pos
GUAAGCAAACCCAUCAGAAACCGACAUUCUGGCGGGGCUUU,pos
AAUUUUUAAUUUUGUCUUUGCGAAGGGAAAUUUAAUUACAU,pos
CGCCUAUUUCCCGAUCCAUUCAUUAUGUAAUGGCUGUGUUU,pos
CAGGGCAGCCCCCCCUUACCCCCCUUACCACUCCCUGCCAC,pos
CCCACAAGCAACCGCCCCUCCCCGUGACCGAAAUGAAAUAA,pos
ACCAAGCACCCCUCGCAGUGCCACCCCUUUUUGUGAAUAUU,pos
CUAUAGUUCCUAUAGAACCACUUGGCUAUAUGCAAAUUAGU,pos
GGAUGGGGGCAUAUAUAUCACAUACGAUAUGCGUUGUUUUA,pos
AAUAUGUAUGUGUGAGUUAACCAUUAAACCCCCAAACCACG,pos
UUGGAGUCUGUAACGGAUUUCGUUGAAAUUGGGCUAACAGA,pos
CAAAGAGAUAAAAUGAUUUUCCUGGCCCAGGGCGAAAAGAU,pos
GGAAAGAGACGGGCUGAGAGCGUUGGAAAGAGACGGGGAAA,pos
AUAAUUACAGUAAUUAGAUGCAAGGCAAACGUCAAAAGCCC,pos
AAACUGCAAAGGAAUGUGGGCCAAGCCCCCAGUCCAUCCUC,pos
CAAGGCCAAGACGAGGACUCCAAUUCCCAGUAAGGAGCGAA,pos
UGAGUGGAGCAUUUUUCAUGCCCACAAAAAUGACCGAUGCC,pos
UGGCUGGGUUUUAUUUAUGGCAUCCGCCAAAACACAAACUG,pos
AUCAAAAUUAAAAUAAGAAUCUCAUCGCUCAGCCGCAGAUA,pos
UAGGCCCCGUUCCAACCACCCACCACCCAAAGCAUAACUAU,pos
CCGGGGAAAAGCCAGAGACUCGGUCGAAAAACUGCACGAAA,pos
UCCGAGUUGAGCCCCUGUCUCAUGCUUUGUGUACAAUCUAA,pos
AAAAAUGUUUAUUGUUUCAACUUUGUUAUCAGUGGUUAAGU,pos
AAGGGGCAGUGAAAUGGGCGCUGAAUGGGGGGGUUAAAAAG,pos
GCGUCGUCUGGUUGCCUUUCCCGUAGCCGUGCCAAAAAAAU,pos
AUCGUGGCGUGAACACUAAGCGCCUGUGGGCCACGCUACGG,pos
GAGGUAGCAACAGUGAGGGUCCUUUUAAAAUUAAAAAUAUA,pos
AGAUAGGGGAAUUGUAAGGGCUAUUAGAGGGUCGAAUUAUA,pos
CCAUUUUGAUUUUUAGUUUGCGUUGGAAAGAUGCAGGAAGC,pos
UGAGUAGUGGAUGGUGGGCGCUAUGGAUUUGUGGGCAUUAU,pos
UUGAGGAAGAGCGCCCGCUGCUCUCCGUGGAAACGGAGGCU,pos
CCGUUUAAUAGACAAAAGUUCUGGCUGAGUUAUAGAAGGAA,pos
CCCUUUUAUGUUGCCUGUCACAUUAGGACUCGUUUAAAAGC,pos
GGCUGCCUUAUAUACGGCUGCGAGAGGGCCGGCCCCGUGGG,pos
CCAUUCCUCUUUGUUUGUAGCCAACGCUAAAUUAUCAUAGG,pos
AGAGUAGGGUCGAAAAGGGACUAAAAAAAAACUAAUAUCCG,pos
CGAUCCGCCAGCAGUUUCUCCUCGUACUCCGCCGUAGAUAG,pos
CAGUUCAUUAGUUUAUCCACCAAUUAUUAUGGUGGAGUCGC,pos
CCCCAGUCGAGAAUGGAAAUCGGUGGGGUGGGGGUUGUGGC,pos
UUAGCCAGAAGCUUAAAAUGCCCUCGUCCGAGUCUGCGAUG,pos
AAAUCAUAGGAUAUAUCAAACAGGUUUUUUUUUUUAUCAUA,pos
CGCCUUUUGAUCAUUGGACUCGUAAUGCCAACCCAGGGGAA,pos
CCCCCCCCCCCACAAACAAACAUAUGUAGGUAUAACAUUUA,pos
UGUUCGCGUGUAUUUCUUUUCAAGUGGCGCCUCCGAAAAAU,pos
AUUAUAUCAUGUGGCCAAGACGUUGGUGUGGUUUUUGGUUG,pos
CGAAAGGGGGAAGACGGAAACAUCUUAGAAAGUUUGUCAUU,pos
AAAAAAAAAACAGAAAAAAACUUAAACAUCCGGGACAUCUU,pos
CUGCCAGUAGUGGGUUGGAUCCCAGAAGUCACGGGAAAUCU,pos
UGGGAGUGAUGCAUUAGAGACAUAAUAAUUAAACGCGGCAU,pos
CACUGCCGAAAAGGAAAACCCCCUAAAAAUGGAGAUGGGGC,pos
CGAAAAAAUUCAUGGAAGGACUUGUUGGUUGGUGGGCGUAA,pos
GGGAAAAUGGCCUGCAUAAUCAUGGGAUUUCAUCCAGCUGC,pos
UACCACCUCACUGCCGCCGACUGGUUUUUAAAACGCCGCGG,pos
AUCUCACUCAUUGCCUCGCCCCCCCCCCCCCUAGCUGCUUA,pos
UUACAGUUACCCGGGACGGUCGUUUGGCGCUGCGAGAGGAG,pos
ACGCUGGAUAAACUUUGCAGCUGAAAAACUUUAGAUUAAUG,pos
GAGAAGCGGCCCACCUUGCGCAGGUGGGAGAACAUCUCGCC,pos
UAAAUGGACACUCCAUCAGCCCGUACCGUAAGCAAAAAUCU,pos
UAUUAUGUGAACUUCCUACUCGCUCCUCCCCAUUAUUGUUA,pos
AUGUGUGCAAAAUGGAGUUUCCUCCCCAUGGAUGCCCUUUU,pos
GCCACUUUCGGCACCACCAGCUCGAAUGCAACUGUGGCACC,pos
AUUUGCCAUGAAAUGAUUUUCAAAAAUGCGGCACCCAAGUU,pos
CUGCGGGGGAACAGGAAAUACCCGGGCAGAUAUGUAUAUAU,pos
UGGUUUUAAGAAAAACACCUCCCCGCCGAAUUUGUAUUACU,pos
AUGGCAGUGAAAAGGAAUUACCCUAAAAUUACACAAAAAUA,pos
CAAAUCCACCAGAAAGAACACAUACGAGAAGGCGUCCACUU,pos
AGUUGUGGUGCUGGUAGACACAAAUACAGCUGCUGCCGCUG,pos
AUGAAAUUUCGAUUUGCGUUCGCCUUUAUUUGACCACGAAU,pos
AAUCUGAAAUCCCCAAUUAUCUUUUGUAUCGAUAAAAUCCC,pos
ACUUUAUUACCAUAGCCACACGACACCAGCCACAAUAUAAA,pos
UUCAGGCAAACAAAUGGUUGCCCCCAAAUGGGGAAAAGCGA,pos
AUAAAAAUUAACUCGUCGAGCUGAAAAGUUACGGGGGGCCC,pos
CGUCUGGUGCCCAAGGGCCCCUUUAACAUCACCAUCGGUGA,pos
GGAUGACGCCACCCUCGAUGCCACUGGGAGCGGUUUACGUG,pos
AGACGCCAAGAUCUUGAAUGCGGUGAAUGGGCCAAAGUAAG,pos
UAAUAUUUUCCUAAACGCUCCAAAGUGUUGAUUUAAUAUUU,pos
GGGAAAGUGAAUAAUGUGUGCUCUUGAAACCUUCAUUUCCA,pos
UGCUAGAAAUUAUGACCACCCACCCAGUUUUUGUGCGCCGC,pos
AGUGGCUGCAGUUGGUUAAACUUCCGGCUGUUCAAUACGGA,pos
GAAAGGGGGUGGUGCAAGGGCGGAGGUGCAUGAAGCCGGAA,pos
AUCCGCGGACGCUUGGAGGGCAGAUCGCCCAUAUAUUUCAG,pos
GGGGGGAGAAAUCAAGGAAGCGGGGAGAAAAGUCCUACCAG,pos
UUUUUUUUUUUUUGGAGGCCCGGCAAAUACAUUUUUUUCGG,pos
ACUGCUGCCUGACCUCUGACCUCCACCCACUCCCAAAUCGA,pos
AUCGCGUUGCGAUUUAAGUGCCUUUGUAUUGGUGUUUCCAA,pos
AAUGUGGAGAUAGUCACGGGCACCUUAAAAGGGAUUAUAUU,pos
UGAAUUGUAAACAAGCGGAGCCUUGGGGCAAAACACGCAUA,pos
CCACUACGCCGGCUUCCUGUCGGGGGGCCUUGGCAUCUCCC,pos
UUCUGUUUAAAUAAGGAAAGCAACCUGUGACGUGUGGAGUA,pos
GCGUCACAACUCGGUGGGUUCAACGGGCAAUAGGCGUCCCA,pos
GCGGUUUUUAGGCUUAGCCCCAGCGACGCCGCCGACUGUUU,pos
UAUGCUGCGAUCGUCAUCUUCGUAGAUUUCUUCGGUUGGGG,pos
UGCUCUGUUUGUCGAUCACCCCGCCCGCCAGAAUCCUGGCC,pos
ACCUCGAAAUACGCGGUGUGCGAUUAUUUGGCCAAACUUCC,pos
GUGCAGUUGAAUGUACCUGCCCAUAAUUAAAGCCUGCAAAU,pos
CCGCAAAAGGGAAUCAAAUGCGAGGUGGUACUACAGCAGUC,pos
UUUUCUUAUUUUAAGUUUUGCAUACAGCAUCAUAAAUGGUU,pos
UUGUACCAGUGACAAUGAGACGACAGACGCAGAUGAUGAUU,pos
CUAUCGGAUUCGGAAAUGCCCGUUCGGGGGGUAUAAAAGCG,pos
CCCAGCCGCAGAAGACACGGCCCACGGUGUUGGUGAUGCCA,pos
CCCAAAACACAUUUGAAUAUCAUUUUCUCAUACUUUCGUUU,pos
GAAGAGGCAAAAAUCCGCUUCCGCAGACACGUGAACGGCAC,pos
AAGGCCUCCUGUUUGGCCAUCCAAGUGUCAGCCUGCUCCGU,pos
UUGGGAAUGGGCGGAUUGGCCAAGUUGUGGGAAUCGAAGAC,pos
AUUGUAUGUCCGGCUGUGGCCAGCCGGAGGCGGCGCAAUCG,pos
CCCACUAACUCUUAGUCUGACUUUUUGUUUCUAAGCAAAAA,pos
UUUUUGCGGGCGCGUGACUGCUGAAAAAAAACGGAGGGGAA,pos
AUCUUCCCCCCAGACACCGACCCGUGAAUACCCCUCAUUUU,pos
ACGUGAUGAGACAGUGGAGGCAUGGACGGAUCUGAAGGAGA,pos
UUCAGAUAUGUUUGUGUGCACAUGUUUUGGCAGAAGCGAAA,pos
GAAGAAGUUGUCGGUGUCGCCGGAUGUGUUGAUGGGCUCCU,pos
GUUAAUCUGUAUAAAUAAUCCCGUAAAUGAAUUCGCAACCC,pos
ACUCCAUAAUCAUCCAGAAACGGAGAAAACCGGAUAAGAUG,pos
CUUCUCGGUCAUCUAUAGCACUAUAAAAUAUGGGGAACAAU,pos
AUAAAGAGGUAAAGUUGGCGCGGGACCGACCGACCGCCCGC,pos
GUCGCAGUCGGUGUGUGAAACAAGAAGUGUUCGAGAGAGGG,pos
GUCGACGGGAAUUGCUGUCACCGAGAUAAUCGGGAAACGAG,pos
UUGUUUUGUUUUGGGGGGAACAAAGAGAUUAAUCAAAUUAA,pos
AGUUGGAUGUGGAGCCGAAUCCCGCAGAAUGGGCGUAUGCA,pos
UUCCCCAGUUUUAGUUUCGCCCAACGAAUGGGAGAGGGGGG,pos
GUUCCUUUAAGUUAUGAAGCCAUCUAAGAGGUUGAUGGUCA,pos
AAACAGUGUUUGUUAAGCAACGGUCGAAGGAUAUUAUUCAU,pos
UUAAAUGUACGUUUCGCUGACUUUGCGGUUACUUUUUUUUU,pos
GUUGUCAUAGAUUUCUACAGCAUUGCAGGGGAAAUAAAAUC,pos
UAUAAAAGGGAACUAAUUCCCUUUUUGAUUGCUUAAAUACC,pos
GUUAACUCUACACACUUGGACACACAUCAUCCGCCCAGGAA,pos
CGCACAACACUCACAAAAUCCAAAAUUGCACGGGGGGGCAA,pos
AUUGGACGGACUUUAAAACCCAGCCGCUAAUUUAAAUUAUC,pos
GUACGAUGAUGAUGGUGAUGCAGAAGUAGAAGAGGGUGAUG,pos
AAGCAAAUAAGUAACUUAGACGUAAAUACUCCUCCCUACGU,pos
CGCGAUACCACAAGAUGGUGCUGUAGAUACUUUAUAGAUAC,pos
GGCAGUAGAUAGAAGGGAUCCGCCAUUGUGAGAUCCGUGAA,pos
CUUUGGAAACCCGUUUCGGACGAAGAACAAAACGCAUAUCU,pos
GUGGGGAACAGAUCGCAUCCCUCCUUGUAGCCCAUGGGCCA,pos
CCUUAGGCACGCAACAGCGACCACUCAGACACACCAAAAGA,pos
AGAGUAUGCCACCCCCAAGACCGAAGGGGAUAGGAUUUAAU,pos
UCGCCCAUUUUGGAGUUUAUCUUUUGUACUAACACAUAACU,pos
AGCAGCGCAAACAAAACGACCAAGGAGCCGGCAAAAGUAGG,pos
UCAAAAGGUCACAAUGCCUUCCACAUCUACAAAGCUGGUGU,pos
AAAUCCCUGCAGGUCCUGGUCGACGGAUUCGAGGUUAAGAA,pos
AAUGGCCUCCCCGGUGGUCACCUUGUUGGCAAAGACCUGCU,pos
UUUCUCUGGCUGAAGUAAAUCCAAUAGAAUCGGCCCUGUUU,pos
GAUUUACACUGCCAAGGUAUCCAUAGGGAGUGGAGUAGUAG,pos
ACCAUGACUACAAGAAGCGCCUCGAGGGGCUGGAGGAGACC,pos
AGGAACUGAGGUGUAUUAAACAAGCCUGUGACAAGGUAAGU,pos
CUCGCUGAAAAACUCGCCAGCACAUACAUACACGCACACAC,pos
ACGCUACCUAAUCUUAAGAACCCAAGAGCGAGGCUCUCCCG,pos
UCGCCUUUCACUUUUUAACACACAUUUUUAACGUCUCUAGU,pos
UUAGAUAUUUUAAUUAACUGCUGUUUUGUUGUGAGAGGAAC,pos
GUGGUUGCUGUUGGGAGACGCUGCUCUCGGGGCACAGGAAC,pos
CAAAAUUGGGGUUUGGUAAACGGAUAGGCAAUGACGGGGGC,pos
GGGGAAAAACUUUAUUGUACCCGAGAUUGGUAAGAACUUUG,pos
UGAGAGACAUAGUGAGUUCACUUAAGCUAAUUAAACACUUU,pos
CCUGUUUAGAAAUUUUACUGCUUGUGAUAAAUGAUUUUUUG,pos
UAUCAUUGGGACUGUUCCGACUGGGUUCGCAAAAGCCAUAA,pos
CCUCGCCUUUAUUUCUAAUACUUUCUAAAUCUCUUUCUUCA,pos
AGGGAUGUUAUGUUAGUAUGCGAUAAAUGCGAUAGAGCCUG,pos
CAUAGCGAGCAGGGGCUUUUCUCCUCCGAGCACGAUUUGGC,pos
GGUGGCACCAAUCGUUAUCACCAGCAUUUGGGCCUUCAUUG,pos
UUUAAGUUCAAUGCACCGUUCGAUAAUGUCGCGCACGUUGG,pos
CCUUUUUCUAACUUGCAGGCCAGUGUCGCCAAAAGCAGCCC,pos
GGAUGGGGAGGGAGAUAUCGCUAGGUGAGGUCAAAUCAUUU,pos
AGACUGAAACUGAACCAAACCGAAUCCCACAAACCAAAAGU,pos
CGCUUACAUACAAAAUGGCACCCUCCUAGGACAACCCACUG,pos
GCUAAAUGAAAUAACCAUACCUGACAGAUAUCCAAUUCCAA,pos
GAUAUUAGUGAGGCAUAGGUCCAAUGUUGAUGCUUUUGCUU,pos
UUUAGAGUUAAAAGUUUAAUCAAAAAAAUAUCGCGCAUUCA,pos
AGUACAGAACAAUUUUUAAUCUACAAAAGUUAUGUAGGUAG,pos
UUGUAGGUCUACAAGAUUCUCUAUGCGCCGAGUUCUCUUGU,pos
CCUGGAGCUUUGAUUUUGCACCGGUAUGGACGACUGGACCC,pos
AUCCAAACGUUAUUUAUCUACAGGGAGUAGUUACUCGGUCU,pos
AGUUUUUAGUUAGUCGGUUACACAUCUAGUCGUGGCUUCCG,pos
ACAUCCAACUUAAAUUAAACCGACAACAGAAAACUAGGACG,pos
GCUAUCGCCCAGUUCAGGUCCAUAAGGUGUACAGAUUACAU,neg
GCAGCAUACUUGGGGCAGGACGCUGAGGACUGAAUGUGCUU,neg
AUAAAAGCCAACUCUGCAUGCUUCUAUGUUUUUGUCCAGAA,neg
GAGCUGAAAAUAAUUGAGUUCAGAAGAUUGAAAAAAAAAGA,neg
AAGAUCGUGAACUACCUAAACUUGAUGGGUUGUUUUGAAGC,neg
CUUAUAGGGAUGUUCGCAUUCUGGAAGUGAAGGGAGAUGUA,neg
AAACCCCCGUUUUCGCGGAACAGGCCAGCAAGCCGAAUAGG,neg
CACUUCAGAAAAAUGUUAUUCGUUUUUGGAAUAAAAGUAUU,neg
AGCAAUGUCUCUGGGAUCUACGGUUUUCGAAGUUCUUUGUU,neg
UUAGUAUGACGCCCUAUAAGCUGUACCAACAGCGCGGAAUG,neg
UACAAUGUUGGACCCCUUUCCUUGGUAGACGCACUGGCCUU,neg
CUGGCCGGAGAACGGUUUCCCAGCCCCACAAGGUCCUUACU,neg
GGAGACCGAGGCACGAAAAGCGUGCGCUUAGAAUUUAAGAA,neg
GUGCGCUUAGAAUUUAAGAACGUGGGUGGGUGGCAAGAAGA,neg
AAAUAAUUAGGGUUCCCCAUCAAAUUGCCAUUAGUCAAUUA,neg
UCAAACUUUUCGGCCAAGUUCAGAAUUUGGCUUAAUUUGCG,neg
UAUAAACUCCCCACUAGGAUCUAGUUCUUAGGUAGUUCGCG,neg
ACCGAUAACAAUGGGCGUCCCCGGAAUUUCGGGUUUGUCAC,neg
GACCCAGUUAGAGCCCAAAGCGCCUGCGACCCGGAACCCGC,neg
UAACAUGCUGUACCACCAACCCUCUUUACGGGGGAUGGGGG,neg
UUGUGCGUUGAAAAAAAAACCAAGGAGACAGACAGAAAAAU,neg
AUGGGGGUUGGUUUUUGCGUCUUGAAUUGAAUGUCAUUGUU,neg
UUCUUACAGUUUUAUUGACUCUUUAAAUCUUAUAACAACCC,neg
UGAGUACAUUCGAUAACAUUCAAAUGUGUUUGGUGGAUUGG,neg
CGACCCCUAUUCCUUCGCUUCUUUAGUGCCUUGGCGGAAAG,neg
UUUAAGUUUUUCACGAAAAACGGUAAUUUUUCAACGAGGAG,neg
GUACAAGUGUUACAUACAUACAUACAUACGCGCAGUCCGCG,neg
GUUUUAAAUAAGCGAAAAAUCGAUUAAAGGUGAUAAUAGAC,neg
UAUAGAAAGAGAGUGGGAAACCGAGGUUGCGAUGAGCCAGU,neg
ACUACCAAUGCUAAUAACAGCUCGGAGAAGGGAAGGAACGG,neg
GAUAGUGUGGGAGAUCGUGUCCGCAAGAAGUGCUUCCGCCU,neg
UCUAUAAUAGCUGUAAAAUUCUCCAGAAGGGUGGGCAGUGU,neg
CUCCGUCGAUGGCCAAACAGCCGAAAAACCACUCGCGCGCC,neg
AGGAACGCGAGACCCUGGCUCUCUGCAUACCCUAGGAUCCU,neg
AAAAGGGGCGCCCGGGGCGCCUAGAAGGGGAAAUGGAAACA,neg
UUUACAAACCGCAGGAUGUUCCUGGAGGUUGCGAUCUUAUG,neg
AAAAAUUCGCCGAACCUAAACUUAUUGCAAAACAACAAGAA,neg
GAGGGCGGAGUGGUCCUAAUCGAUCGGGGGGAGUGAUCUCA,neg
AAUAAAAAAUCCCAUUACCACCGGAGAGGUUAUCUUCGUUU,neg
UCGCCCCCUUAAAAUAACAACGCCUGCACCCCAAGGUGGAU,neg
GGCUCCGGUUGUUUAAAGGCCUUUUGGUUCGCCAUCUCGCG,neg
UAGAGGACGGCCUGUGGAGACGGGUACUGCGAUUUAACGCC,neg
ACAACAAACACCAAUUAUCUCGUGUCUAUCCGGCGGGCACU,neg
GAAAUUUUGGAAAGGGGUAACAUCAUGAUUUUUGGCGAAAA,neg
ACAAGGCAUAUCACUUUUUUCUCCGAUCAUUUUUUGGAAUG,neg
GGAGGAGGAGAUGCGUCCUACAUUCUCAUUUGCUACGGUUU,neg
GAAAAGAAGAAAAAGGAAAACGCGCAGCAGAAAUAAAAUUA,neg
GUGUCAGAUGGGAAAACAGACGAUGGGAACGCCAUGCUUGA,neg
CCACGGAAAUGUUUACGAUGCCACGCCUUUUCGCUUCUCCG,neg
GGAGAUUCACAGUAAAACAACAGUGAUUCGUCUGCGGAAGC,neg
UUACCGAUACCUGCAGGAGUCGGGUGAGUAAAACCCUCCAA,neg
AAAGAGGUAGGCGGGAAGUACAAAUUAUGGGCAUAGAAAAA,neg
AUAUGCACAAAUUGAAAAGACCGCUUUACCUUAGUUGAUGU,neg
UCCCGCCCCCCUUUGUUUGACUAGAACAAAUGAUAAGCGCC,neg
GAACCUUGUUCAUUUAUAAACAUUUUGUUGUUUUAUGAUUU,neg
GCCAGCACCAAUUCCAGCCCCACCGCCGGCUAUUCGACGAA,neg
GUGGCGGUCAGGCCGUGAUUCUCGUAUGUGCCCCGGGGCCG,neg
CACAAUCGGAACUAUCAAAACCGUACGCGUCCCCUGGCAGG,neg
AAUUUUCAUAGGACUCAUUGCAGUUAAGAAUGGGACUGGGC,neg
UUGGGCGUGAAGCGACCAUCCGGAAUAAAUGAGAUCGCGAU,neg
GGACUCCCCACACAGCGUUGCUUUUGUUUUAAUUAUGAAAC,neg
AGUAGUUGAAACUUCUGUUUCUUUGCAGCCACGACUUAUUG,neg
AAUGGCCAAUUCGUGUCCGACUUGAGAUAAGCGCCCCUGUG,neg
AAAUAUCCAAGGAAAGGGGGCGGGUCAGCGCAUUGGACUUU,neg
GCCCUCGCAUGCCACGCCCCCUUCGAGAGGCUUUUGGUAAA,neg
CCAAAGAUGGGUAUGUGGGUCGGGGUAUUGGGGAAUUGGAA,neg
CAGAGUCGUAAAUGAAAUCGCAUUUCGUAUAUUCCCCCUAU,neg
UAUGUAUAUUGGACAGAAAACAAGGGGUGUAAAGGGCAACG,neg
CACACACCGGGGCACACACACAAAUGCACCUCGCGGAGAUG,neg
GGUCGCCCCAGACACGUAUGCAUAAUACCAAUUUCUUGGCU,neg
UUUCCGCUUAUAGUAAUGUGCGAGUUUCGAGUUACAACAUC,neg
AUCCCCCCUCGCCAUCCACACAAAAGGUGUGUGGGGCGGCG,neg
GGUUCGAACUUGCACUUGGGCGGCGAGGUGGGGUAGUCGUC,neg
ACUUUGAAGUCCAGCGAGGUCUGGACCCCCCAAAUCACACU,neg
CGAGUCGCAGGCGGAGAAGACCAAGGAGAUGGACGAGCACC,neg
GGACAAUAAGCUAAUUGAGGCUGAGGUGGCUGUGUAUGGAG,neg
UCCCGGCAAAAGCCAAAAAACAUUGAGAGCGCCAGGCUGGC,neg
UACAAACACACCCACACCCACUUAAGAGAACGGAAAAAAGA,neg
UCCUUUAACCCCUUCUUGCCCCCUUUUUUGGCUGCGACAUG,neg
AUUUGUUUUUUUGGAAACAACCAAACAAGCCAACGAACUCC,neg
AGGAAAAGGAAAAGAAUAUGCAGGAAAAGUGUUGGGUUACU,neg
AACCUGUGUGUGUCCAUAAACCGGAGGUUCUCCCAAGGUGG,neg
UUCUGGCCUCUCAACGUUAACGAGUUGCCCUUUUCCCCACG,neg
CCCGCCAACUUUGAAUACAACUUGGAUGCAGGAAGUGGUUG,neg
CCAAACCCCUCCCAUUUCUUCGACCGGCUCAUAAAAUUUUG,neg
AAUCCAAGGAAGAGCGGGACCUUGGACCAAGUGGCAUGCUG,neg
CCCCCCAUCCUCAUCCUCCUCGUUGUACCCGGUUGUGUUCU,neg
UCUCCCGAUGCUUAACUUGGCCCGCGAAAUUGUGUCAAAAA,neg
AAUUUAUAAAAAAAAAAAACCGGCUACGCCAUGAUUUUCCA,neg
CAUGAGCUUUUGCGGAAAAUCGAGGGGGUUUUUGAGACGAG,neg
GCCCUUUUUCGUAAACAGCUCCAAGGGGUCCAAGGUGGAGU,neg
UUGCUUAUUGUUUGCGUUUACCCGCCGCCGAUUUCAUUCAC,neg
GGAUGGAUCCCAAAAAAUCCCGCGCUCAGCGUUUUUUCGUC,neg
UCCAUGUCCAUUGGGGGUGCCAGCGGGCAUGUCCUGAAGGG,neg
AUUAGAGCGUGUUGCAGGUGCACUGUUUUUGGGGAAAAGGG,neg
UGGAAAGCGGAACGUGUAAACUGUUUUGACUCGUCCUGCCC,neg
CCAAAAGCGGCAGGGCGGAGCUAAGGGGGCCGACACACACA,neg
AGGCGGGAGUUCCCCUACUUCUACAGGACGGUGGCCCCGGA,neg
GGGGGGCCACGGAAGAACCGCCAGAUUAAGGUCGUUUAAAA,neg
CAACCCCAGCCCCGCCCACUCACGCCCCUUCUGGGAAAAAA,neg
AGUGCACUGGAGUGUUUGGUCGCAGAGGGGGUGGCUUUUUA,neg
UUGAAUAAGGUGACAAAGAGCUUUACAUCCCGGUAAAAAUG,neg
CUUUUCCCGACAUACCCUCCCUCACCUGGAUGACCUCACCC,neg
GAAGGGAGGGACUCAGAUGGCUGUUUUAGAGGGGUCACAAG,neg
AAAUUCAUAAAUAAAUUCGUCCAAUUGGCCGGGAAGUGGAG,neg
CGCCCGGAGGAGACUUCCGCCGCCAUUCAAUUCAAAUAUCG,neg
UUGUUUGCGUGUUUACCUUACAAUUAAACCAAUCCACUGCA,neg
UGCGCACAAAUUACUCAAAACAUAUUAAAAACUGCGUCCCC,neg
AACAAGUGUCCCAAGGGUCACCUCGCCUUCCUCUCUAACCA,neg
GAGUUUUCAGCAUGGUAUUUCGGGUUAAACCAACCAUGUAA,neg
GUAACUCAAUGUUAUAGACCCAAAUGCUCCCGUUUCGGGGC,neg
GGAGAAAGUGAAAGUUGCCUCUACACGGAAUGUAAAAGCAG,neg
GAGAAGAUCACCCAGUUCCACCACCGCAUGCUCUUUCCGCU,neg
UCGAGGGGUGGGUUUUCUGGCCAAGGGCUGCAACAGCUGAC,neg
UCUGUAUUCUGUAUAGUAUUCCGGGAUCUGGGAUCUGGGAU,neg
GUUUGGUGUUCCGGCCAGCACACCUCAAGUUCCCCCGGUUC,neg
AUUUCCGCACAGCUUACGUGCCACAAGCCCGGCCAAGCAAA,neg
CCAAGUUCAAAGGCGGCGAGCGGUAAGAGAGUGCGGGAAAA,neg
GUAAGUGGUAAGGACGAGUGCUCAGGAUGUAAUAUCAACUG,neg
AAUUAACCUAAUUCCUAACCCCACAUUCCGAAUAGGUGGGG,neg
UCGAUUUGCGCCGGGCUCUGCGGAGAGCUUUUGGCUUUAAU,neg
CGCCCCCGAAAACGCCUCUUCUACCCAGAGGCGUACGUUUG,neg
AGGUGGACUUAGCCGAGGUGCCAGGCACGGCACCCACACAU,neg
AUGUUCAACGAGUUAUAAAACCGAAACUCGGGGAAAACCCC,neg
CCCCCCCUUUCUCCACAAGACCCCCCCCCCCCCCCCGAAGG,neg
CAGAAGGGGAAUUUGCAACACCCCGAAAGAGCUCAAUUUAA,neg
CCCCUACCAAAGGUAAGGAACAGAGUAUAAAUAUAAAAAGC,neg
UUGAAAAUAAAGUUUUUCGGCAAACGAUUGUACUUAUUUCU,neg
GAUUUUUUCGCAUAUUUUUUCUCGUCGGGUGCCUUGAAUCG,neg
AUUAGUCGCAAGUUGUUUGCCAUUUGAGAAAUUAAAUUACC,neg
GAGUGGCUGCCAGGUGUGUGCUUGCCAGCACACUUUAGCGC,neg
CAUCCCCCAGAGCGACCUGCCAGAGGUAAAGGGAGAAUUUA,neg
CACACUCACGCACCCGAAAGCAGUCCGAAUUCCUACGCAUU,neg
ACUUGGAGAUAUCGGACCUUCGUCCCCGCCGAACCCAGUGG,neg
UCGGGUUGGAAUUGUCGGGACAGAGUGUGACCGCGGCGCCA,neg
GUCGAACCCUUAACCCAUGUCAGCCGAAGCGGGCGAAAAGU,neg
CUGUGCUGUUCUUAACCUUACCCAAAAUCCGCUUCAUGCUG,neg
ACACGCACACCGACGCGAAACGAGAAUUUCGUUUUUUUUUU,neg
GUCCCCCUCUUCGUGGGCUUCGUCACCAAGGGAAAUGUAAG,neg
CAUAUAUUCAGUGUAUGGCCCAAAUUUAGUGGCACAUUAAU,neg
CUUUGGUGGGACCAGGCGUACAUUCGUGGAAAUAGUCAAGC,neg
GCAGAUGGCAGCGGGACCACCACCAUGAUGGCGCGUCUAUA,neg
AGCGGAAAGAACCGAAAAAACCCUUAUAUAAAGUAUACGCC,neg
GGCAAAAGGGAUAAGGAUUUCGGUGGUGUGAGCCCUCGGUU,neg
UGGGACAUAAGUCGUGGAUACAACCCCACAGUUAAAUUCAA,neg
GGGGCGAAAAUAAAGUUUUCCUGUUCUUUUUUUUGGGGGCU,neg
UUUAUUUGAGAUUUGUGCCCCAGCUCCACGAAAGGAUAGUG,neg
UGUCCAACCGCCCAAAUAUCCCCGUGGCACAGGCAUCCUCA,neg
GCCCUCCAAUAUCUCCGUUCCCCCAUAGCUCCACAUCCCCA,neg
ACCGAGUUACUCUAUAAAUACUAUGAGAAAAAUUUUACAAG,neg
ACCUGCUGGUAAAUAGUGUGCGGGGGCAUGUUGUACUUUCU,neg
UAUGGCACGUACCUAAAAAGCAUAAAUAAUGGGGCUGCAUU,neg
UAUGUAGAUUUGCCUUAUAGCAAAACUGGGCCACUUGAGGG,neg
CACUUUUUGGGAUCUGCGGGCGGAUUGAAUCGCGAGGCGGC,neg
UACAAAAAAUGGUGAAAUAUCAUAAAUGUGGGGCUUUCCAA,neg
AGGCGCCAUAAAUUAUGCUGCUCCCAUACAUACAUAUAUAU,neg
AACGGCCAAAAAAUAAUCUCCUUUCUGGGUCCUUGUUCCCC,neg
GGGGAGAGUUGGGGAUUAUGCACCGGGAGAAAAGGAGGCAG,neg
CUCACUGUUAGUUUUUUAGGCCAGUUGGCUAAAAAAGGGUU,neg
AAAGUAAAAAAUCAGACACCCGUGGAAAGUGUAAACAAAUU,neg
AAAGAGUACUUUAUGGAAAACAAUGUACAUUCGGCUUCCUC,neg
AGCUGUCUGCGGCCUUGAGCCCACCACCCCAACCUCCCGCA,neg
CAGGACGAGAAAAUGCCCCGCACAGCUGCCUGCUUUGCAUA,neg
UGUAGCCGCCCAACAAAGAGCUUCUAGUAAAUUUAAAUAAG,neg
AGCAACACUUGUCCGAAAAGCUAUUUGUGGGAAAUAUUUCU,neg
UGUGGCGCCCCCGGAAGUAUCUCUUGCGAAAUAUUAGUGUG,neg
CCUCUAUCGGUGGUUGAAAACUCGAGUCACAUGAAAGUGCG,neg
UUAAUAAUCGCAUUAGGGCGCUAAGCAGCUCGUUGACAGGG,neg
AAAUUCCGCUUUGAAGAUAUCUACCGAGUAUCCAUUUCCGG,neg
UAUUUAAAGCUGCAGAGUUGCUCGUAUAUUGCCCCCACAUA,neg
GCUGGGGGCUCUGCCGCCGGCUCGGCUGCUGCUCCCUCCUC,neg
CCAACCUUUUCAUGGCUGGGCCAAAUCUUCCACCGCCUUGU,neg
UGAGUAGAAACCCCAACCUCCGCCCUCUGGGCCUCCACUUG,neg
UGGGCAAUGCGUCAGUGUUGCACGAGUGAAUCUCUGAUAUA,neg
CAAACUGAAAUCAUGGCCGCCUGGGUGUAGGAAGUAGGCAC,neg
UAAAUUGUUGGUCCAUGCUACAGGGGGAGCAAACGGACACU,neg
AUCGCCCCGUCCCGCUCGCUCCCCAGCAGAUUAUACGGCCC,neg
AAACCGUUGAUUUUGAUGGUCAAGAGAAAAAAAGAAAUGAA,neg
UAGAGACGGGGGGAAGUCGGCUGCUCGUGGCAGCUUCCACA,neg
GUACUACGAGGGAGGCGUCUCCUCCGUCUACCUAUGGGAUC,neg
GAGAAAAGAGACACAAGCGACAAAGCUGAAUGAGUGGCUCG,neg
UCCCUGCGCUGGCCGCAUUUCUUUUUCGGUUUGCUCCCUUU,neg
AUUAUGCUUAAGCAUAUAAUCAGGGCAUUAAGCUACUUUUU,neg
CUUUUUUUGUGCGCCCCCCACAUUGUUGGCCUAAUUGUUGC,neg
GCUUUGGCUUAGUUCCUUUCCUUUUCCCUUUCCACACAUCC,neg
UUUUGGCCCAAAAUGGUUUACGGCUACGUGAGGAGAGAAUU,neg
GGUAAGAAGAGGCUAACGGCCCUGGGGGUUUGGGAACCCUU,neg
GCGCCAAAAAACCACCGUAGCCAUCUUGACCCUUAUAGUAA,neg
UCUUGCCGGACGCGGAGAUUCUGAAGUCGCCCUCCUUCUCC,neg
GGGACUGGCUUUGUGGUUUUCUAGUCCAGCGGAGAGCGAGA,neg
AUUGUUACGCCUGGAAAUCACUUUUUUUUUUGCCUAGACAC,neg
UGUGGAGCACACAUAAAUUUCCGUAGGCACUUCUUGGUUUU,neg
UCGAGCCAUUAGCCUUUGAUCGCCCACACUUGGAAACUGGG,neg
GUGGCCGCUUUCCCGCCUUGCCAAAUUUAUGGCCAGAUUUU,neg
GAUCAACAACCCAGAGUUGUCUAAAGAAAGUCUCGCGCUUU,neg
GCUGAACCGCACUAAUUGAGCCGUGUUACGUCGACUCGAAU,neg
UGGAACCCCUUGCCGCAGUACUCGCACACGAAGGGCUUGUA,neg
CGAACAAGUGAGAAAACUCCCCCAGAAAAAGGGGGACACUU,neg
AGAUUUGCCAGAUAAAAGUACUAUCGCGAUGGCUUUUAGUA,neg
AGGGGGGUGGCUAUAGCCAUCGGUUUUUGUCUGCUACGCUA,neg
UUUAAUUUCAAACAGGACAACGCGCGGGGAUUCCCCGUGCU,neg
GGGAGUGGGGCGCAGAGGAACACCCACCUGGACUUGAGGGU,neg
CGCUCCAAUGGGGAAAAUUACUAGAAAACCAAAUUAACCAA,neg
AAAGGGCUGAUUGCAAUUGACAGUUUAUUUAUUCAUUUUGA,neg
CCUAACACUGCUCUCCGAAACGGACUGGACCCAGCCGCUGG,neg
UGUGGGGAAGGGGGUUUCCACCACCACCACCCCCCCCCCUC,neg
AAAAACACUCGGUAGGCAGUCAAACGGAUCAGUUACAUGGG,neg
GGGCAGUGGAAGAUGGCGAACUAUCGCCGCCCAAGGAACUG,neg
AUGUAUGUACUUGGUCAAAACCUGGAAAAGUGGGAAUGGGA,neg
UGGUCGGGAGGAAAUGUUACCAAAGGCUCAGAAAUUUCCUC,neg
ACGCUGGAGGAGGGGGGCAACAGUGUGUGUUUGUCGAGUGA,neg
UAAUGGUGAUGAAUUUUAAACAAAAAUUUUAAAAUAUUUUC,neg
CAAAUUUCCCACGCAAAGAGCGAGGUGAAUACUAAGAGAGG,neg
CUUUGGAAACAUUAAGGUUGCUCUCUUUGGGUUUUUAAACA,neg
CAAAGUCAUAAGCAAAAUUCCCGGGGGUUACAAUUUUAAAU,neg
GCCAACGACAGCAUUCGAAACAUUUUUAAAACACAUUUGGA,neg
GGAUGUUUUUGGGGGCAGGGCUUUUCAGGUGGGCUACUCAG,neg
ACCACACCAGCUCCCGUUUUCGUGCAGAGAGUGACUACGAU,neg
GGGGGCGGCAUGUUAAUUAACUUUUUAAACUGCGCACGCGG,neg
ACGAAUCUCACCGGCAAGGGCACCAUUUCAUCCGCCUGCUG,neg
AGUCUGGGAAAACAGGAAAGCAGAAGGAAAACAAAAAGGGG,neg
CCUGAGGCAAGCACAAUAUACGGGAAGAAAGGCUGUGGGAA,neg
UCCUCUUUUUUUGUGGACUGCCCGUGUGCAUUACCGACUAC,neg
GCACUACUCAUAAAAUAGGGCGUGAAUUUGAAAAAGAAUGU,neg
AGAAAUGAAGCCUGUGCGGGCCGCUGUUUAGGGCUUUUUGU,neg
CCAAGGGGUAGAAACACCUGCUGGGCAACCCUGCCUCUGUC,neg
GCCGCUGCGGCUUCUAAUUGCCGUCGGAGGGGUCAGAGGGC,neg
UCGUUGCGUGAUAAUGAACGCUUGAAAAACCCAACUUACAC,neg
AGUUGGGGGUAAAUGCUUUUCAGUUUCCAGUGCAUUAAGCA,neg
CGAAUGUUUGCGAGUGUGGGCACUCAAGCAACAAAAGGUAG,neg
AAAAAAAAAAAACUUUAGCACAACUUUUGUGGAAAGCGCGG,neg
UCAAAAGCAUAAGGACUGGCCAGGAAGUUUGGGUGAUACCC,neg
ACUACCAAUACAAUUAUUCACUAUUUUAGCCCAUCACGAUA,neg
UUUUGAGCAAAGACUACGAACCGAUUACCAUGCACCCCAGA,neg
CCCCAAAACCAAAAAGGGGGCUACCCGACUAUUUCUCGACC,neg
UCAAAUUGGCAUUGUUGGACCGGGGAACUUUCGUAUCUCUG,neg
GUGAUGGGGCACGCCCCCUUCUCGGGGCCGGAAUAUUAAUU,neg
CACUGCAAAAAAAAAAAAAGCAAUGCCAAGUGGUUCCCACU,neg
AUGGGAAAAGCGGCGGAGAACAGAGAGUGACUUUCCAUUCC,neg
UCAGAACCGAGAGCCCGGGGCAAGAAAUCACAACCCUCUAA,neg
ACCCCCCCCCACCAAUCCACCACCGUUCCGACCGGCAAUUU,neg
UCGUAGUCCUGUUGCCGCUCCCUAAAGUCCUCAAACCGAAG,neg
UCCUUGAUUUACUGACUCAACAAUAUGGGUGCUCCUCCAUU,neg
UUGCAUAGUUUCCUUUUGCGCGGAUAGGGAAAUUCGCGUGG,neg
UGAAAGUGGCCGGCUUAAAACUCCCCCACCAGCACAUAUCC,neg
AGAGUAUCCUUACGCUCUGUCCUUGAGGGGGGGGGGGGGGG,neg
AAGUCGAGAAUUCUUUUUUCCCCCUUGUGGUUUCGUGUUUA,neg
AAAGUGCAGGAUGAUGAGGUCAAGUAGUUGGUUCUUAGAUA,neg
GUGUCACAGACAUUUGUGUCCGUUUUGUGCCAACCCAAACC,neg
GGCGGCGGCUGGGGUAUCAACAAAGUUAGCCAUUUAUUCUG,neg
UUUAACUACCAAGUGAAUGGCUUAAUUACGGCACACUUUUA,neg
ACGGUAGCUAAGGCAAAAGCCCUUCUUCUGCACCAGGUUGU,neg
GUUUAUUUCCAGGUCCCUUUCUCAAUGCCAUUUGGGGCAAA,neg
CAGAUUUUUAUUAAUUCCCACCUUGCGCCACCACCCUCCCC,neg
UGUAUUAUUUUUAUGUUUAACUAGACGUGCGGGAGGUUAAA,neg
GUGCACAAAACCCGGAGACCCGAAGACUCGGAGACCCGUCU,neg
AGGGAUGAGGGGGAAAAUAACUGUAUAACCAUGCGCCAUUU,neg
GUUUGGCCAGCAAACCAAAACAAAACAAAAUUAGGAACAUA,neg
CCGUCACGCAGCGCGGAGGCCUUGUCAAAUGGGGUUUCUUU,neg
GAGAGAGAAAGUUUUGGAUACUUUUUUUUGUUGGGGUAGCU,neg
AGUAGGCGCCCUCCGAAAAUCGAUAUUGGUCCAUGGCCAAG,neg
AAUUUCCCCAGGAAAUCAAACUUCAUCCCAAAUCCCCGCAG,neg
UUGUUAUUAAAACAUGGGUUCACAGGGUGGGGGAGGGGGGC,neg
GGAUAUAGACAAAGAGGGAGCAUUUUCUGGCAUUUUUUUUU,neg
CCAUCAAUGUCGCUUUUGGCCCCCCUCCCACCAGUUUGCAG,neg
AUUAAGCGAGUGCCAGAUUACCCAAAACUGUCGCAGCUUUU,neg
CUUCUUCUAGCAAUAAGAAACCUGUGCCUGAAACCUCUUGC,neg
UCCGCAUUUUCCCAUUCACACCCAAAAAAGUUUUUGUUCGC,neg
GUUUACGACUCUCUCUUCUGCGGGGGUGUUUUUUUCUUCUA,neg
ACAAAAAAGUGCUGGUCAUUCCGCUAAAGUGGACGUGAUAU,neg
AAACCAAAACAAAGCACCGGCUGGAAACAGAAGCCGCGGGA,neg
UUAAGUCGAGACAGACAGGCCCCCUUUUUUGUGGUCUCAUC,neg
CACGGUUAUAGGUGAGGCUCCCCCCCCCCCCAUUUUUUCCC,neg
GUCUGUUAUUUUAUCUGCAACUUCCUCAUUCCGGAAACCCC,neg
GUCCAGAAGUGGGUUCCUGUCGGGGAACACCCAAAACGAAU,neg
UAAAUAAACUCCGGCAAUUUCUAGUUUUACAACAGUGGUAU,neg
CUAACCCCCCCCCCCCCUCCCAUUUUUUUCACUGGGUGUGG,neg
CUGCGGGCCAAUUUGCAUCUCUGUUUAACCAAUCUCAAUUA,neg
GGGGGGGGGGGGCGCCAAGGCGAAAAUUGCUCCAAAAAUGU,neg
AUGGUGUGCCGCUUCAAUCCCUUUUACAUUGGACCAACUCC,neg
GGCCCCCUUCGACGGCUUGGCCAUUUAUAUAUGCAUAGCGA,neg
UUGGUUCCGUGGUAUGUAGUCCACAGGGAUUCCCAAUGGCC,neg
GGCUGAUGAAACUGGGCCAUCUCGCCGAGUCAGUCAGUUGG,neg
CCGGUGUGGUGGUAACGCGACGGACUCGACGCCGUCGCAUC,neg
AAUUCCAGACUCUGUUGUUGCGGAAGUGGGAGUUGUCAGCA,neg
GCAUGUGGGGACUUUUGGCCCAAUUUGACCGCAGAUACGUG,neg
GUUCGACGUUCGGUUUCCGCCCCCCGACUAACUGUUAAAAU,neg
CAGUCUCUUUUGGGGGAAUGCCUUCUUACAGAGAGAAAAAU,neg
GUGUGUGUGGAAAUAUAUAUCCAGCCCGCAUGUUAGGCAAU,neg
AAUGAUUCGUUUUAAUUUAACCGCGUACUCGUAGUCGUCAC,neg
GGCCCAAAGGCGAACAGGGCCAAGUGCGAACGUGUCCUGGA,neg
CAGACCCCUCAUGCGGGUUCCCCCCGGGGGUAACCAGAACG,neg
UUUUAUUCCCCCCCAUUUUGCUUUACACUUUAAUCUGGAAU,neg
GAGGGUCCCCAUAAAAAGGACCUCGCUCCAAAUAGCCGACC,neg
GACAUCACGGUAAUCUCGUACGUUAAGAACCCCCAAGCCGG,neg
CACGAUUUGAACACACAAAUCGACCGGGCUAAAAAAAAAAA,neg
AAAAUUUGAAUUGAAGACGUCUUAUCACGAAGAGCUUCUGC,neg
UUACUAUAUAGAGGGGGAAUCCAACUCAAACGCGGUUUGAG,neg
GGGGGGGAUUUGGGGUGGUGCCUAAGCACUUGGAUGGUUAG,neg
UUUCUUUUUCGGGAGGAGAGCGGAUCUAGAAAAGCUCUCUC,neg
CGGAAUAUUUGGAAAAUAUGCUAUAAAACUCGGAAAACAAC,neg
GCUACGCUUUGGGGGGGAGUCCCAUUGGUGUGGAAACCUGC,neg
UGCGGACCCCUCGAUGAAGUCAUCAAUUUUGUAACAUGCAC,neg
UGUGAGUGUGUGUUGCUUGGCCUAAUAUUUUUAAAGGGGGC,neg
UUUUUUCGGGGGUUUCGAAACUGAAACUGCAGCUGUGCUUG,neg
UGAAAGGGCAGCCUUCGGCCCUCCAUUUGUUUGUUUGUUUU,neg
UUUGCGCCUAACGUUCUCCUCUAAAGUGCGUAUGUGUGUGU,neg
GAAAUGGGGAGCGGUGAGUCCAGUGCUAAUAACACGAAAUC,neg
UAAAAUCCCCAUUCCCCCCCCCUUUACCCCUUGUAACGACC,neg
AAGUCGGCAAAGGGGGGGGGCUGGGGCUAAAUUUAAAUGUG,neg
UAGAAAUUACGCAAAAUGAACUGUGAAAACCUUUUUUUUUC,neg
GGGGCGUGGCGGGCGUGUGUCUGCCAAAGAAAAGAAAAAAA,neg
CUCGGAAUUGGUUUUACAAGCAGUAGUAGUAGCAGUAGCAG,neg
GAAAGAGCCGAUUAAAUUAUCAAUAUCCAAAGUCGAUAUCU,neg
GAAUGAAGCUUUACUUUAAGCUAUAUUUUAUAAAAAUACGG,neg
UAUAUGAAACCUGAACUAAACUUAUUGUUAAUAACCAAUAU,neg
AACCAGAGAACACCAAGAGCCAACACAAAAUAAAAAAAAAA,neg
AACAGCGGGUUAAGGGGUCGCAAAAUAAAACUAGGGAAGAG,neg
AUAUAUCAAUGCUUUAAAAACCCCUUUUUUUAUAGGGAUAU,neg
UUUGCACCUUCAUCCACAUCCGUGGCGGAUACCUGAAGGAC,neg
UUGCACUGGCGUCGCCAUCUCCACGAGAUCCCCCACUUUUU,neg
UAACCACCAAACACCAGCCCCCAGCGAAUCUGGAGCAUAUC,neg
CAAACACCAUUUGAAUUAGGCAGGCUUUUGGCUUUCCAGCG,neg
UAGUUUUGAAUCCCCAUUUUCUGUGUGAAUUGGGGGCUACU,neg
CAGCUGGUGGGCCGCAUCAACGGACGCUUUACCACAGCCAA,neg
CCACAUCUCCGCGCAUUUGACGAGCAAACUGCGGCAGCUUU,neg
UCCAACAAAAGUCUGAAUUUCGAGUUAUAUAGAGUCUGCAU,neg
UGGGAGACUGGGACAGGAAGCAAUUUGUAUGCGAGUGUGUG,neg
AAACAUAAAGAAUAUAUUUCCUUUAAACUGACUAUAGGUUG,neg
AAGACAGUUUGACAACCCUGCGUAGUACCGACAUUUAAAUA,neg
AAUUGUAGGAAAGAAAGAAGCGAAGUUGGCUGCGGUUGUAG,neg
AAAACGGGUUUAGUAGAAUACAACACACCUGGCGUUGGUUU,neg
GGCAAUACAUUUUAGGGCAACAACAAUAUCGUCAGGGGUUA,neg
GACAACCAACGAUGGGGUUGCCCGUAUAACCAGGAAGACAC,neg
GGAGGCAGUGCCGUUUGGGGCUUUUGAGGACAGGCGGCAUU,neg
GGAGAAAAACCCACACGCGUCGUCGUCUACACUUGGCAUAU,neg
GGCUAAGGGUUGUCCGGAGGCAGGAGAAUCCCGGUUGCUGG,neg
GGGAGGGCCAAGAUUUAGAGCCAUCGAGGCCACGCCCCCCC,neg
GCCCUGUGUCACUCUCAAUACGGCCGAAAGGUAUCCGUCGA,neg
UCCUACCUCUGAUUCCCUUUCAAUUAGAGCGGACUGAGGGG,neg
UCAUCACACCCAGUUCCACGCACAUAUUUCUGGUCUCCUUG,neg
CAAGGAUGAUAUAAAAAAAACUAAAGUAUUUAAAAAGGAAU,neg
AAUCCGGAGUAACAACAAUACGGUUGCUAUAAAUUCAGGUG,neg
UUGCAGCGCCUGUAGUUCGGCAACAAAAACAGGAAAACAGG,neg
GUAAAUCAAAGCUAAGCCCCCCCGCCAGCGUUGAUGACCAU,neg
CAGCUUUUCUUUCCUCCGGGCGGCCGGGCCAACUUGUUAUU,neg
GAAUUUGUUUACGAAAAAGGCGGGCAAAGAAAGUGAGUCUU,neg
AACCAUUUGUGGCAGAGCAUCCCGAACAUCCGGACGUGAGU,neg
CGUUUGAUAAGCGGCUUUAGCUGAUAACACCGCGAUUUAUC,neg
GCCAUCCGCUCAAGUGGGAACUGGUCACGCAGACCAGCGAG,neg
AUAUGUAAGUCGGCGCCCCACACAUAGACGCCAUUAGGGGG,neg
AUUAUUAUAAUUUAUUUCCCCCGUGCAAGUGGAAGUCGUAU,neg
UUUUUUGCAUGGGAAAGUCGCUGGAAGCCAGUUUAUUAUUU,neg
CACACACAAACAUCUCAUACCCAUAAAAAAAAAACCCAAAA,neg
GUGUAGACCAGGUGGGUGAACUGAAUGUUACUACUUUUAAU,neg
UUCCUUAUGAGCGAGAAGUGCUAUGAUAACUACUUCCUCUA,neg
ACGAAGAACCUAUCUUCGGACAAAAUUAAUCUGAGCACCUU,neg
GAGUUAAAUACUUUUUAGAGCGCAUCUUUUUUUUUUUUUGU,neg
UGAGAAUGGAGCCAGGGGAGCGGAGAAGCCCCGCUCGGCAU,neg
ACAAGGGUCAGAAGGGUGAUCCCGGCCCAUACGGACAGCGU,neg
CUGCCACUCUACAAUCCCCACUGGCUUCUUUUUUUUUGUUG,neg
UUACGAUAGAGUAAAACCAGCUUUACUACGGGGAAAUCUUU,neg
AAAAUUCUAUCUUUGAAUUCCGUAAGGUCAAGGCCGUUUAU,neg
CGAGGGAAAUGGUUACAUCACCACCUCAACGCUGAAGGAAA,neg
GGCCCAGAACAAAGCAAUCUCCAGGUUGGCCUUGUGUGUGA,neg
GUUUUCAAUUAAACUUUUUCCAGUGGCCCGCGAGUCCCAAA,neg
CAUGACUAGCAAAUCAUUUCCAAUGGGUGGAUUUUUUUGGG,neg
UUUUGGGGAAUUUCGAAACACUUAGGGUAAAAAUAAAAGUA,neg
CUGACAAUUAAUAAAUUAUGCGAACGGAGCGCUUAAAUGGC,neg
GGCCAGCCAUCCUCCUUUUCCCCCCAGAAAUAUUCAUUAUU,neg
GUUCGUAGUGUCCGUAGUAUCCGUGGUGUCCGUAUUGUACA,neg
AGGCGGGCACAAUAUUUUGACAUUUUUACUGCCCGCUUAUG,neg
ACCCACUACGAGGAGCCCUACUUCAUGAUGAAGUUGGUUUU,neg
GGACUUCAGGUUAAUUGGAGCGGGUGGGGUGCACCUUAAUU,neg
ACACGAAUUUUGAUUAGUGGCGGUGGAUCCCACUUUGUUUU,neg
AUUGUUUGCAGUGCAGGAGCCCGGUAUACCAAAAUACGAGC,neg
GUUUGACUUUGACGUGAGACCAUUGGUCAUUAGGUGGAUGG,neg
GGAGCUAAUAAAAGAGAUAACAGGAAAGUGCUGAAACCCUG,neg
GUGCGUAACCUGCUUCUGGGCGAGUUUACACUAACCCGAAU,neg
UCUCUUACGUUUUAUAAUACCAUUAGUUGGGCCGAGUCUUA,neg
UGCCACCCUCCCAUUCCCACCUCCCCCAAAAAAUUGCCCAC,neg
UGUAACCGAGAAACGGCCACCGUUUGCGGUAAAUAUAACUU,neg
ACUGGCGCCCGGAAUGUGGGCGUAAACGAUGGGGUGGUGGG,neg
CGCGUAUGUUGUACACGGGGCUGUAGACUCGGGCGGGUGAC,neg
GGUUUGAUGUUUUUUAGACCCCACAGAAACAACAAAGAAAA,neg
AAAUGAUUUUUGGGGUUACACUUUUAAAUUUUCCGGAAACG,neg
AAGAGGCCGAAUGGAAUGAACAACUGGUAGAACCAAACUCG,neg
CCCCACACUUUGGCACCCACCCUAUGUGCUAUAUGUACCCC,neg
GUGAACAGCCCCCGCGCGACCUUGCACUGUCGCCUUGUCGA,neg
CCAAUAGCACUGCCAGUGAGCCAGUUUAUGGCAUGGAGUGG,neg
GUGGGACGACGCUGGGAGUGCUGGGGGGGGGAGGAGUUGUG,neg
AUAAAAACCGAACUACGAGACACGUAUAUGGGCGACUUAGU,neg
AAAGAUUCCGGCGACGAUGUCGGUUUUAAAUUACUCAAAGA,neg
UCAGGGAAUGCAACGCGGCACGUGCGGGGUGCAAAUUGCCC,neg
AGCCCCAAGAAAAACCAACACGAACAACACUACGAGAUUCA,neg
UAAUAUACUCGUGCUCAUACCUAGUAAGAAGGAGGAGGGAA,neg
CUUAGAAAACCGCCCAGGUGCUGCGCGUCCCCUUCGAGACU,neg
AAUGGAGAACUUCGAGUAUCCGCGCGGCGGCGCCGAGCGUC,neg
AAAACGAGGAGAGAUAGUUUCCAUGCGGAUUCGGACUCGGU,neg
AGUAAGGCUCGGAGUGAAACCACGAAUUUCGGUUUACCCAG,neg
AUAUCUUUCAUCUCUUUGGCCAUCUGUGGGCGUCAUCAUCA,neg
UCUUUUUUUUCACACGAACGCCGUCCCACUAAACCGAAAUU,neg
UGAUCUUGUGGUACUUGAUGCUUCUAUGAUGGCUAUCGCCC,neg
CGUGGACGGCGCGAAGGCUACGAAAACUGAUUUAUGUAUAC,neg
AAUCCCUUAAGGGGUGCAUUCAACUAGCUAAAUGACGAACA,neg
GGGGAGCGGGGUAUCGGGAUCUGUGGGGGCCACUGCAAAAC,neg
GUGGUGGCAACUUUGUGAAGCCAAGUCGGGCGGUGAAAAAA,neg
AUAUGGAUGCGAGGAUAAAACAAGUAUGCAUACUUGAACCG,neg
UGUGUGGUGAUGAAGAACAACGAGAGCGGCAGGUCGCGCGG,neg
AUCAGAAAUAGUGGUGGUAACACAUUGUCGUCACUCCAUAU,neg
UGGAUGGAUCUCUCUUAAGACUAACGCCGACAACGCCCUGG,neg
CGCUCGCAUUCACCGUUAACCAAUUAGCAAAGGGUGACCAG,neg
UCGUAUUUGCUCGCUGUUACCCUCUUCACCAUGUUGGUCCA,neg
CCCCGGGCUGUGGGUUUCUGCGGAUUGUGGGCGAAGGGUGG,neg
UUGAGGAAAAACCGGGAUGGCAUAAGGGGUUACAAAAUACU,neg
UCUCAAAUCGAGAACGAGAGCGGUUUUUUCUCUAAGUGUAG,neg
UAAGCACUCCUUUUUCCCUACUCCGGAAUGGUUUUUGCCCG,neg
AAUGUGAAUAUUUGGAUUUUCGGAUGUACAUACUAUAGAAU,neg
AAGGGGGCUUCAGACAUUCACGGUAAACGACCCGUCCGUAU,neg
AUAAGCCGGAGAUUAAUUGCCAUGUUUGGGGGGGGGGGGGG,neg
GACCGCAAAGUAUAAAAUUUCAAAUUGGCAGCUGCCGCCAG,neg
GAGAAUAGUGGGGAGAUAGACCCCCUCCCCAUCUUUCAGAC,neg
AAACUCGCGUGGUUUUGUCUCAAAAUGUUAUAAAAUUCAAA,neg
UUCGUUCGGGGAGUUCUCUUCUAUAAUUUCAUACCCAACUU,neg
UGUGUUUUUCCACGAAUAAACGCAAAAGGGGGUGAGGGGGA,neg
UAUAUUCCAUUCUUAAGCGCCAGUUAAACGUUUUUACUAGU,neg
CGAAGUACUUUUCCCAAGUGCAAGCAGUGUGGUUUCUCCGU,neg
AUCUCGACCGCAAAGUGAAUCUGAAAAGCGUGGAAAAGUGA,neg
CGUGAAAAUUGUAUUUUUUGCAAUGAAUAAAGUUUAAGAUG,neg
GGCAAUAUUGUUAAUGUAGUCGAUUGAAAUGGCCCCCCCUU,neg
AAAAAAAAAAAAUUACAACUCCACGCACUAAAUCCGCCAAA,neg
GGUUUUUAAUUGACUUAUUGCCGAAAAAAUUUUCACUCGCG,neg
GCCCAGUAGGAAAUUUCUUGCCAUUUUCGAGUCGGACUCCA,neg
AGGGGUUUGCUUGUUUAUGGCGAGCGGGUCAUAAAUUGAGG,neg
CGCCACAUAUUUAUCCAAUUCUAGGGCGUUCGAAGCGUGAU,neg
UACAUUCAUCCCCCUCCCACCACAUUGGUGACUCUUUGGAG,neg
GCAUGAAAAGAGUACCCCUGCUGGCUAUCGAUAAGAGUUAU,neg
UGUGGGAUGUUUAAAGAGAACAAGUGAUAUUUAUUUCCCUC,neg
GGCCGAGGGACCUGUGUAACCUUAUAUCCGAGACUAUGACG,neg
CAAAAGCGAAAGAAUUUUGCCAAAAAUUUAACGACGCCUUU,neg
UGAUGCCCGCGCGGGCGGUUCCAUCUAUUUAUUAUUCUAUG,neg
GAUUUUUGGAAACUGAAAACCCCCAAACGUCGUAGAGUAGC,neg
AAUAUGUACGGGAAUGAUUACACGCCCGAUGGAGGUGGACC,neg
CAUCCUUUAAGGAACUAAUCCUAAUGCGGCUUCCUUUUGGA,neg
CCCCCCGUGGGGUUUUAUGUCCCCAAUUAACACAAUAUAAA,neg
GGGAACCCCCUGACAAUUCCCAUGAUUGAUUGCAACUGGGA,neg
CUUUGGGGAGAUUUGUGUUACCCUGUCUCCCAGUCGCGCUU,neg
UUGAUAAACCAGCGUUGUGACCUUCGCAGGAGCACCCAUUU,neg
GCUUACCAACGAGUACAAGGCUCUAAUUAGAUAUCAACUAA,neg
CCCGCCUCCUAAAAUAGUCCCUUAGUGGGAGACCACAGAUA,neg
GGGGGGGGGGGGGGGGGGAACUGGGGGCACGUCCUUUUCCC,neg
GAAUGCAAUGAUGACGAUCGCAAUAAUGACGAUUGUGGUAG,neg
UGCUCUGGUCUGUUGGUUCGCUUGUUUUGUGCCCUAUAUAA,neg
CUUUUUUAAAAAAAUUAUGACGUUCGGCAGAGUAUGGACAU,neg
AUAUUAAAAAAAAUCGGUCUCGAAAAAAAGAGGGCGUUGCU,neg
UCCUCCUCCAAAUCUCCGGGCGGUUCUCGUUCGUUACGCUU,neg
CUUUUGGGGUCUAAAGGGGGCCCAAGAGGGGGGUGAAUGGG,neg
AAAUAUUUAUUGAUGUGGGGCUGGUUAAUGAGUUCAUAUAA,neg
GCCAACUAACACGAAUUCUUCGAAUAAAUCUUUGCUAUUUU,neg
UGUGGUCUCCCACUAAGGGACUAUUUUAGGAGGCGGGGAAC,neg
GGAAUUCGUCUGGAAAUUCACGUUUUCUCUAUAUUUUACAA,neg
AAAAGUCCUACAAUUAAAAACAGCGAAAGUGUUGCCAAAAA,neg
AACCGAAUGCAAUUCAAAGCCAUUUUUCUCUGUGGCAGCUC,neg
CAACAAAAAAAUUUGUGGAGCAUGUGGCGCAGUGUUGGUGA,neg
UUAAAUGUGUGUACUAUUUACCAGUAAAAAAAAAAUUAUUG,neg
AAAUCCUUAGCGGAGAAAAACUACCCUCUCUAUAAAAAAAA,neg
GUCGAAUUAAUUUCACGUGCCAAGUGAGCGACCGUCUCAUU,neg
UUGAUAUAAGGGCUUUGUUGCGAGUGUCUGAAGUGUCCCUA,neg
UUCAUGUAUGGGGGUUUUCCCAGGGAGAAAACGGGAACACC,neg
AUUAUGCAUCGCAUGGAGAACGUUAAGAUGAUGAAGAAGCU,neg
AUGCAAUCAAAUUUGGGGGACAGCCCGAGGCUAGCGAAAUG,neg
UAAACCGGUUAAAGCAACGUCUUAUUGAAACUCUCGCUCUC,neg
UGCAUCUGAUCCUGCGGCUCCUGUUGAUAAUUGGUGAGAUG,neg
UAGAUGCCCCAAUGACAGGCCCUUCUUGGAACAGCUGGAGC,neg
GGGUUACAGGGCGAGUGCCCCAGUGUCUGUGCCGAUAGUCG,neg
UCAUCGUGGGGGCAAUUUCGCGAAUAAUGUGGUUCAAGGUG,neg
AGAACUGAAACCGAAAAAUACUUUCAAUUGAUGCGAAUUAA,neg
GGGGCAGGGUAAAUUCCGGCCGGAGGAGGGGGGUGGGCGAU,neg
UUCGUAAUCGCAUACUCACACCGUUUUUUUUAAAGCCAUUA,neg
GUUUCGGUGCAGGUUGAUGACGGGGGUUGGAUUCGGGAUUU,neg
CGUACGUAGGGGAAUUGAAGCUACGAUUUUCCCCUCUUGUU,neg
CAUAGAAUACCACAACCGGACAAGAAAGCCCAUAAAAACCU,neg
UUAUUUUUCGGCUAAGGGGACGGACUUGUAGUUAACUGUUA,neg
CUGCACCUCAAAAGUUGUCACAUGUUUAUUUUCUCCUCCCA,neg
CGGAAAGUGAGUCCCCCGACCAAUAUCUUAAAGCUGCAGGC,neg
CCGGGAGAAAAAGUGCCGGCCAAACGAUGCGACAAUAAACC,neg
AAAGCCCCCAAGCCAAGUAUCGUUGGCAUUCUUUGGGGCAU,neg
CCCUUGAAAAAAAGGGGUAUCUAAUAUAUAUGCAUGGCAAU,neg
AGUAUUUAUGGAAGGAAUGGCAGUAAAACCCGAAUAUUGAA,neg
UCUUCCCACAUCGCCGGAAUCGUGGGGUGCCAGCCCACUGA,neg
AAAAAAAAACUUUUUAUGACCAUGACCUACUUUAAGCAUUA,neg
AAACAAAGAACACAUUUUACCCCGCAAUUCAACUAACGACC,neg
GACAAACAUGGUAUUACCCCCAUUCUGGCUGCCAUUUGGGA,neg
CGAGGAUUAGGUAUAUCUUUCCUCUUGCAAUCAAACCAGUU,neg
AAAAGUGGUUUUCCCAAAGGCGCGGAGUUCGCGGGGGGAGU,neg
UGGAACAAUCUCUCCCCACUCCUCGGAUAAAAACAUCCAAA,neg
AACCAUUUUUUAUGACUCUGCCUUGAUUAAUGGAAGGUUAC,neg
AGAGACAAGCUGCGUCCAACCAAAAACUUUUGCGGCCGAAC,neg
GACGAGAGCCCUGAGAGAAACACAAAAGCACGGAACCUGAG,neg
AAAAGUCGAAGAUAGUGCAGCAAAAUAUGUAAGCAUGUCAG,neg
UUUUGACAACACAUCCAACACUGCGUAUGCUUAAUUUUAAA,neg
GAGUGCCAGUCCGGGGAACCCCAGGAUCCGCACAUCCGCAU,neg
GUUAUUGAAUUGGCUUCCGUCCGUGGGGAGCGUGUGUUUGU,neg
GGAAAUCCCUAAAAUGGGAACUAUAGUAAUUGAAAGUUAAU,neg
UCCUUCAUCAGCGGGGGUUACGCGCCCAUUUAAGAGGGAUU,neg
CUUGUGUAUUUUGGUUUUUACGUUGUUUACAUCCCUGGUUG,neg
UAUUCUAUAUAAAUUGGGAGCGGUGUUGAUAUUUCCACCAA,neg
AGCGUCUAGCGCGAUUUCUACACCCCCCCGCCAAAAGUCAA,neg
UAGCCAGAAUUUUGCAGAUACGGGAAAAAAGCACUUGGCCU,neg
CUCAGCUAUUACUUCGAUUACUAAUUUGAUUUUUAGGUCUC,neg
CAUCCCCCUUUGGCAGUGUUCAAAGAAACCAAUGAGCUGUC,neg
CCCUCUUUUUUUUUUUUAUUCUUGUCAGGGGCGUAGGGGCU,neg
CACAGAAAUUUCAUAAAUUUCUUGGCGACCCUCGUCCGGGG,neg
ACGGCUGCAGGGGAUUGGUUCAUCUGAUAAAUAAGCACACG,neg
UUGUUUUGCCAUUUCCGGCGCAAAAAACCAAAAAUCUCUCC,neg
UGUUUUUUUUUUUUUCCUUUCUGCACCCCAAAGCCCCUCGA,neg
CUUUUUAUGUGUAUUUAAGACGACGGUGGCCACCCAGAAGG,neg
UUGGUUUGAGUGUGUUCAACCUUGUAUUGUUAAAAGUUAUA,neg
AUUAAACGUUUAAGGUUAAACAAGAGAUUGCAAUACUGUUU,neg
AGGCCCCGAAGAAAUCUGCGCAUGAAAAUUUGCCAAGCGAG,neg
AUAUAUGGCCUUUUAAGAGACGAAAAAAAAGAAGAGAGAGA,neg
CCAGGUGCUCCGCCCGAGACCGAGGUGUGCUGCUUGCGGAG,neg
ACAAAAAACAAGCCAUAAAACAUGGCCCACCCUUUCUUUAU,neg
CGCUCGCCAAGAUGGGCGGCCCGGGAAAAGGGGGGCGCGGG,neg
GGAUUGGAGUCCUUUGUGAACGGGGAUCGAGGUCCUUUGCC,neg
GGUUGGCACACAAACACGCGCCUCCUCGCCCCUCGCCCAAC,neg
AAGCGUGGCUUUUAUGUAAGCAAAAGCAGGGGGGGGGGUUG,neg
UUUUUCGUCCUGAUGGAGUUCAGUGAAGCGUUCUGAUUUUC,neg
AAUGGCACAAAAAAAAAGAGCUGAGGGAGGAUGAGAAAGGA,neg
AUACCCGAUUGACCAUGUCUCUUUUGAGAAGGGCAAUGGCG,neg
AGGGUAUAUUAUCAGAAAAACAGAACCCCUUAUCACACUGA,neg
AAAGGAAGGUCCACUAUUGCCCCCAUAAGCGGGUCCAUUGU,neg
ACUGCUCGACAAAUUUUUGUCGUCGGUGUCAAAUGACGCAG,neg
UUUUGCCCCCCCCACACACACACACACACACAAUGGGUGGG,neg
GAUCGAAGGGUUUUUUUUUGCCGGGAACAACGUUAUGCACU,neg
UCUCAGCACCCAAUCCUUAACCCAUGCCCCCAACUCACCGC,neg
UAAUUAAUGAGCAAGUGGAACAUCGUUGAGCCGGGCGCCGA,neg
UUUAGACUUAUAAAUCGCGGCUAAGCCGGGGGAAGGGAUGG,neg
GGGGGGGGGGGUGACAGCGACACAAAUCGAAAUAGAAAUAG,neg
GGGCAUUGGGUGGCUCCAUUCCAAUGGGCACUUUAAUAAAG,neg
CGCUUUCGCUGUAUUUUGGGCUUUGGUGCCGGUUUCGGGGC,neg
GCCAAUCCCCAAGGAGUACACGUUGAAACCUAAAGAAUUUG,neg
CCAGAUUCAAAUUGGCGAAUCGUUGGUACUUGGGGUUGAGA,neg
UUUUAGUGGGCUAUUUUUGGCAAAUGUAGCAUACCUCGGGG,neg
AGUCAAAUAAAGCUGGCCAACAAAAGGAUUGUUUACCCGCC,neg
ACAACACCCUGGAGAAGGUGCACUCGUUCGAGGCGCACUCG,neg
GGAUCUACCGCCGUUUGUUCCUUUGGGUACUUUUCGGACUG,neg
GUGGGAAAGCAUGUAGUAAUCAGUUUUUUGGUUAGUGGGGU,neg
AAUUAAAGGGAAAAAAUAUGCUAGGUGUUAUAUAUUUUUUU,neg
GUUGCGCAUUAGGCGCGAAACGGGCACCAGAUGUGAGGUCA,neg
GGUAAAAACAAGGUUAUUUCCAGAACGAAUUGAUAACCUCC,neg
CGUUUGGGAUUGGGUGACUCCCGGCAGCGGAGACUACUCGA,neg
AGGCAGGCGCACUUGUUGGGCGCCACACAGCGUCCAAAGGA,neg
GUACCCCAGUGUCAUCCAGACGGACCAGGCCAACCGGCUGU,neg
CCCCCAAUACCACUGUGCCUCCAAAUGGGUGAGUGGGUUGG,neg
AGGUGGGGGGGCAGGUAGGACUUUAUGAGGAAUUUGAUAGC,neg
GACGGCGAAGCACAACUCGUCCACAAUUUGUGAGAGAAGCG,neg
UGUUAGGCAGGUCGUCUUUUCCCCGGAGAGGAUAAUUGAUG,neg
GUGCGCCCACUCCCUAUGUGCGGCCCAAAAUGCUGGAGGAA,neg
AAAUAAAAGCCCCAUGUUUACACACCCAAAACCCGGGGAGG,neg
CUCCUCCUGGUAGCCCCAACCAUUUGUAUUUAUAUUAAUUA,neg
GGGCAACACCCACCCCCUCACGGAAAACCAACUGUCAUUGC,neg
CCAACAAAAUGCCCGACAGUCGUAAAGGACCCUUGUAAGAA,neg
GGGGUAGCAAUUUCUAUGGGCAGUGCAGACAAAAAUAUUUU,neg
AUUUACCGACCAUUCGGGGUCCAGAAUGAAAGAAAAACAAU,neg
CCCUUAGUUCUCCUGCCACCCGGGGCAACCUCCUCAAUCAA,neg
UGCGGCAGAGGGCAAGGGACCGAAUUGGCGAAGGGGCGAGU,neg
GGGAGGUCCCGGGUUCAAAUCCCGGACGAGCCCAAGAGAAA,neg
UGGGCCUUAAAUGGGGUGAGCGCCAAGCAGCAACAAGAGUA,neg
AGAGAGGGAGAGAGUAAGAUCAAUUGGGUGGGGGAGACCCG,neg
GUCUGGUCCAGUGUCUGGGACAAGUUUUUAUUUCAGUGCGG,neg
UGAGAGGAUUCCAGAGUGGGCUGUGAUUCUGUGUCCAACAA,neg
GCAUAUGGGGGUAAUCUCAACGUGGGGCCUAAAAAAAAUAA,neg
UUGUGUCCUCGUUUUGGGGGCCACAAACCGGCCGCAAGACC,neg
GAAGAGGGUAGUUUCGAUAUCGUGGCAUGUUUAAAAUGCAU,neg
AGCAUACUUAUGUGCGCCAGCGCCCCAAACGAUUUAAAAAA,neg
GGGUUGCCCAGAGCCGAUUUCAUUAAUUAUUCAAGACACAG,neg
CUCAGGGGGAAAGAGACUACCCAACAAUUCCUUGGGUCCAC,neg
GGAGUUUGAGGAAAGGAGGCCCGACUGAAUGCAAAUAUUAU,neg
AAAGGACCCCAAAUACACACCCAAUAAGAGAGGGCAGCCAA,neg
UCGAUAGAGUUGAUUGGGAUCGAGAACCAAUUAGGUUUUUU,neg
CUUUUUUAAGGAAAUAAAAACUUUUAAUUUUAAUACUGUGC,neg
GUAGCUGGUGGUUGGAUAACCCCGACAAAAUAUAUAUCCCC,neg
GGGUGUUUCCGCCGUACACCCGAUACUUGGAAAAAACUCUU,neg
CAUAAACCUUUCGCCGGCAGCUCCUCCGCCAAAGGCGCUGA,neg
CCUUAAUCAUGCGUAUUUUUCAUGUAAUAUCUUGAACAUAU,neg
UAGCCUUUCCGAAGAGUUCUCGGGUGGGUAAAACUGAAACA,neg
CUCUCUAACUCGAACAUUACCAGGGAUUUUUCUAAAAUCCA,neg
GGAUUUUCGACGUUGGUGAACUAAAUGGGGAAAGAUGGGAA,neg
CCUUAUAUUUGAUGGAACUCCGACCCUCGGCUAACAGCCGU,neg
UUUUGCCUAUAAUCCAACUGCGCCCACAACAACAAAGGCCG,neg
ACCCUCGCCCUCACAUUUCUCUUAACCCCCAAACGCCGGAA,neg
CUAAGGGUAGAGGUACCCGGCUUUGUAAUUAUUUUUGAGCC,neg
UUUGCCCACGUAGAUAUGGGCAGUUGGGAUGGGAGUAAAGG,neg
UGAGCGGGCGCUAACGAGUGCUAUUUUUUUAGCCCACCCAC,neg
UUUCAAGCGCCGGAGAGAAUCUAUAUAGAGGGGCUUCUCCG,neg
AUUUUCCCCAUUCCCGAAUUCUUCGAAGACAGAGUAGUUGA,neg
GUUCUCAAAUUUUUUUUUUUCCUUAUUCCCAAUUUGUUAAA,neg
ACAUCACAUAAGUCCCAAAGCGGAACUCAAGAAGGACCUUA,neg
CCCCAUAUGUAUUUUUUUAACUUGAAAACAAAAGCAAAAAU,neg
UAUAUUAUAUGGGGUGUGUGCCUCGACCCAAGGACCAACCC,neg
CAGCGAAAUGCGAAAAAUACCAAAGGGCAAAAUAGCUUUGG,neg
GGUCUGGGUUGAAAUAUUUUCAUGAGUUUUGACAGUAAUGU,neg
CAACAAAUCCUAAAACAAACCCCUCUAACCCGCUUUUAACU,neg
GAUUGCCUUUGGGGGAGUGACUUGGAAGGGGGCGGGCGCUU,neg
AGUUUACCUAGUGACGCCAUCUAUCGGGCAUGGGCCGACAA,neg
UGGUUCGGAGGCCUUUUUGGCAAAGGCGGCAGGAUGUGGAG,neg
AAAAAAAAAAUGCGGUACAGCUGUUUGGUAUCCCUUAUCAA,neg
AAAAACAGAAACAGGCAGCCCCAACCACUCUUCAAGAUUGA,neg
GUGCCAGCAAAGGGGGGGAACUAUUUUCUCUGUUUUUCUCC,neg
UUUAGUUUGUUUUACCACCACCCACCCCUGCACUCCCAAAC,neg
UGUGGAGGGUACUUUUCUUACUGGGCUGAAGAGUAAGCAAA,neg
AGCAGCCCCACGCCCCGCAGCGCGCCAGGCCGGUGAGGAUG,neg
GACCGUGUUGAUUUUUCUUGCCAACCCGCUCCUUCGUGUUU,neg
GUUUUAAAAUUUAGUGCCGGCCCCCAAGUUAAUUAACACCU,neg
UUGAAACAGUUUACAAUAAACCGGAGUAAGCCCCCCGUUUC,neg
UUAUGCUUCACGAUUGGGGUCUGCGAUCCUGUAAGGUGGCC,neg
AAAAAAAAAAGUGGGGAAAACGAGGGAGCGAGGGAACGGCC,neg
GGUGGGGUUUGUCUGGGGGUCUGGGGGUUUGCCCCACUAAU,neg
AAUAUGUUUUGGGGUCAUAGCAUUGGGUAGUAUGGCGUUUA,neg
GGGUGGUCAUGGGGUGGGGGCGUGGCAGGGCAGCAUAUGGC,neg
GGCGGAAGGUCAAGCCCGGGCUUUUAGCCUCCAUCCUUCCU,neg
GCGGGGGUGGGCUACAGAACCGCGGGGACAGUACGAAUUGG,neg
CUUAUCGACAAAACCACAGACAAGUUUUGGAAGAAUAAUGA,neg
GGGAAAAUUAAGAGUCCGCCCCCCCCCACAAACGCCCCAAG,neg
AGAUUCACAUCCAGAGAUGCCGGCGACGCUCGUGAUGAUGA,neg
AAGUUGGGUUGGUAGUUGGGCUAAGGCCAGGAUGGAAGGAU,neg
UCCUGGAAUUGGUGCGUCUGCAGGAGGGCACCAAGGAGAUA,neg
GCAAAAACCAGAACGAGAAUCGGGCAGAGAGAGAAGAAAGC,neg
UAAAUAAAAUGGGGGAGGUUCGGGCCGCCAAUGCAAAUUGU,neg
CCUCCGUCUUAUUUAAUGAACGGGAAAUGUACGCUAUCGGC,neg
UAAAAAACGCAUUUGUACAUCGGUGUGUUUUUUUUUUGGAG,neg
CCCCUCUUUUCAACAUUUUCCUUUGGGGGUCUUUAAUGUUU,neg
AUGAAAAAUUUCUUUAAUUGCUAGAAGCCGCCACGCCCACC,neg
AUGAUGUUGUUUGUUCGAGUCCCCAUUUCGGCGGGUGUGGG,neg
CGUGAUUGGUGGGCGGGGGGCGAAAUGAUGAGAAACCCCAA,neg
CUCACUUUUGGGAGGGGCUGCAAAAGUGUGUGGGGGGGGGG,neg
UUUUCCCCCUUUUAUAUGCUCGGGGUUUGGCCAUCAAGUGC,neg
AAGACCGUAUGCUAACUCCCCCAAAACCCCUUCCCCCUCUC,neg
UAUGUAUGUAUUACCGGACACGAGUAAUCACACACGAAAAA,neg
UUUUUUCCGAAGUGUACCGACUGGAACAGGAUUCUCGAAAA,neg
GUCGCCCUUUCAGUAGUUUUCCCCAUGCCCCUAACAAGGAG,neg
CCCAGGAGGGGGACCUCCACCACCGCCCAUGAUGAUGGGGC,neg
UUUUGGGAUUCAAAAAAACCCAUAUUUAUGUGAUGAUAUAU,neg
GCACGAAGAAAAUGUGUAAACCGUUGUGGGGGACGAAGAAA,neg
AAGAUUGUGAUUUUAAAUGUCUUUGGGUCCCGUAAAACGGU,neg
CCUCGGAGGGUUUUUCUGUACGUAUAGAUAUACCUAUAUAU,neg
ACACAAAGGAGAUAUAUGGUCCCACAACCAGGAAAUCCGUU,neg
AGUGUCAUAUUUUUUUGUUACAGAAAAAGAAGGAGCCGCAA,neg
GGUAAAAGACUACAUAAUACCAGCGUUAGACACAGUAUUAU,neg
UUUCGGUUUUAGGUUUGAAGCUUGGGAGCCCUUAUCUCCUA,neg
GGAAUCAUAAAGUCGAAGCCCGCCGCAACAAAGGCGAAAGU,neg
AUUGUGGCCCUGAAAAGGGCCGUUUUGGAUUAUUGUCCGCA,neg
UUUUUUACAUCCGUCGUGUUCUAAACUGUGCUAGACAACAG,neg
UUGUUCACGCCUCGCCCUUGCCAGCCCCCAACACCCAAUGG,neg
CACUUUUUUUAUACUUUCGUCGCAUAUACUUCUCCAACUCA,neg
AUUAAAGAGAAGAGGAAAAACAUUUUUUUGUUUGAGAGUGG,neg
GUGGGGCUCGGCUUUGGUAGCUCAAUAAUGUAGGAGUUUUG,neg
GUGACGAGUCUAAAACACCCCACAAAUGUGGGUUCCGGGGA,neg
CCGCCAGUCGGAGAAUUAUUCUGCUUUUAUGAUUGGCAAAG,neg
CAAGUUAAUAUCUUCUACGGCGGCCUCCAGUUCUAGAGUGG,neg
CAUUUUUUUGGCAUAUUUUGCAAAUUUUGAUGACCCCCCUU,neg
